Date,City,District,Price
2019-10-01,Alytus,Senamiestis,1.93
2020-03-01,Alytus,Senamiestis,1.93
2019-11-01,Alytus,Senamiestis,2.24
2019-12-01,Alytus,Senamiestis,2.62
2019-05-01,Alytus,Senamiestis,1.3
2020-08-01,Alytus,Senamiestis,3.85
2020-04-01,Alytus,Senamiestis,1.93
2020-05-01,Alytus,Senamiestis,1.93
2020-06-01,Kaunas,Freda,10.15
2020-07-01,Kaunas,Freda,6.37
2021-03-01,Kaunas,Freda,4.25
2020-05-01,Kaunas,Freda,10.64
2020-05-01,Kaunas,Palemonas,3.4
2020-06-01,Kaunas,Palemonas,3.21
2018-08-01,Kaunas,Palemonas,3.33
2020-04-01,Kaunas,Palemonas,3.72
2020-07-01,Kaunas,Palemonas,2.95
2018-10-01,Kaunas,Panemunė,4.43
2018-11-01,Kaunas,Panemunė,4.96
2021-03-01,Kaunas,Panemunė,8.7
2020-05-01,Kaunas,Panemunė,7.68
2019-12-01,Kaunas,Panemunė,4.85
2018-09-01,Kaunas,Panemunė,3.97
2017-12-01,Kaunas,Panemunė,4.9
2018-12-01,Kaunas,Panemunė,6.12
2018-04-01,Kaunas,Panemunė,6.33
2018-03-01,Kaunas,Panemunė,5.52
2019-10-01,Kaunas,Panemunė,4.51
2021-02-01,Kaunas,Panemunė,9.48
2020-12-01,Kaunas,Panemunė,4.47
2019-10-01,Kaunas,Romainiai,6.14
2020-08-01,Kaunas,Romainiai,7.88
2018-11-01,Kaunas,Romainiai,5.6
2019-12-01,Kaunas,Romainiai,5.96
2018-05-01,Kaunas,Romainiai,4.31
2021-01-01,Kaunas,Romainiai,7.24
2020-10-01,Kaunas,Romainiai,6.02
2021-03-01,Kaunas,Romainiai,8.14
2019-01-01,Kaunas,Romainiai,5.81
2019-08-01,Kaunas,Romainiai,5.18
2020-11-01,Kaunas,Romainiai,7.11
2019-07-01,Kaunas,Romainiai,3.54
2019-04-01,Kaunas,Romainiai,5.82
2017-12-01,Kaunas,Romainiai,4.54
2019-03-01,Kaunas,Romainiai,6.1
2020-04-01,Kaunas,Romainiai,6.57
2019-05-01,Kaunas,Romainiai,5.49
2020-03-01,Kaunas,Romainiai,6.61
2020-07-01,Kaunas,Romainiai,5.47
2019-09-01,Kaunas,Romainiai,7.58
2018-10-01,Kaunas,Romainiai,5.49
2020-12-01,Kaunas,Romainiai,6.58
2018-09-01,Kaunas,Romainiai,6.25
2020-01-01,Kaunas,Romainiai,7.0
2020-02-01,Kaunas,Romainiai,7.25
2018-12-01,Kaunas,Romainiai,5.78
2018-01-01,Kaunas,Romainiai,4.63
2021-02-01,Kaunas,Romainiai,6.87
2019-12-01,Kaunas,Sargėnai,10.32
2019-03-01,Kaunas,Sargėnai,4.66
2020-03-01,Kaunas,Sargėnai,8.0
2018-11-01,Kaunas,Sargėnai,5.98
2018-12-01,Kaunas,Sargėnai,7.31
2020-01-01,Kaunas,Sargėnai,10.58
2020-02-01,Kaunas,Sargėnai,8.0
2019-05-01,Kaunas,Sargėnai,2.99
2017-12-01,Kaunas,Sargėnai,5.37
2018-02-01,Kaunas,Sargėnai,5.37
2019-02-01,Kaunas,Sargėnai,5.93
2019-11-01,Kaunas,Sargėnai,10.67
2018-01-01,Kaunas,Sargėnai,5.37
2019-04-01,Kaunas,Sargėnai,5.43
2019-09-01,Kaunas,Sargėnai,2.96
2021-01-01,Kaunas,Kalniečiai,4.42
2020-12-01,Kaunas,Kalniečiai,4.61
2017-12-01,Kaunas,Kalniečiai,4.8
2018-01-01,Kaunas,Kalniečiai,6.12
2018-02-01,Kaunas,Kalniečiai,6.54
2020-10-01,Kaunas,Kalniečiai,5.07
2020-09-01,Kaunas,Kalniečiai,4.83
2020-05-01,Kaunas,Kleboniškis,7.74
2018-12-01,Kaunas,Kleboniškis,7.55
2020-08-01,Kaunas,Lampėdžiai,7.89
2019-12-01,Kaunas,Lampėdžiai,6.7
2020-03-01,Kaunas,Lampėdžiai,6.63
2018-01-01,Kaunas,Lampėdžiai,6.5
2020-02-01,Kaunas,Lampėdžiai,6.73
2018-10-01,Kaunas,Lampėdžiai,4.46
2020-07-01,Kaunas,Lampėdžiai,6.81
2018-02-01,Kaunas,Lampėdžiai,6.5
2020-01-01,Kaunas,Lampėdžiai,6.72
2019-10-01,Kaunas,Petrašiūnai,5.81
2019-12-01,Kaunas,Petrašiūnai,4.1
2020-09-01,Kaunas,Petrašiūnai,3.5
2020-01-01,Kaunas,Petrašiūnai,3.75
2020-09-01,Kaunas,Žemutiniai Kaniūkai,7.62
2018-10-01,Kaunas,Amaliai,7.33
2018-12-01,Kaunas,Amaliai,3.57
2019-02-01,Kaunas,Amaliai,2.98
2018-06-01,Kaunas,Aleksotas,4.57
2021-03-01,Kaunas,Aleksotas,6.4
2018-11-01,Kaunas,Aleksotas,4.64
2021-02-01,Kaunas,Aleksotas,6.56
2018-07-01,Kaunas,Aleksotas,3.98
2020-10-01,Kaunas,Aleksotas,5.3
2019-03-01,Kaunas,Aleksotas,4.37
2019-12-01,Kaunas,Aleksotas,6.31
2020-12-01,Kaunas,Aleksotas,5.48
2020-07-01,Kaunas,Aleksotas,5.32
2018-03-01,Kaunas,Aleksotas,4.96
2020-11-01,Kaunas,Aleksotas,6.13
2021-01-01,Kaunas,Aleksotas,6.69
2020-05-01,Kaunas,Aleksotas,4.72
2018-05-01,Kaunas,Aleksotas,5.7
2019-05-01,Kaunas,Aleksotas,5.2
2018-08-01,Kaunas,Aleksotas,3.95
2019-07-01,Kaunas,Aleksotas,4.71
2019-10-01,Kaunas,Aleksotas,7.55
2020-03-01,Kaunas,Aleksotas,3.67
2020-06-01,Kaunas,Aleksotas,5.15
2020-08-01,Kaunas,Aleksotas,5.19
2019-04-01,Kaunas,Aleksotas,4.1
2018-10-01,Kaunas,Aleksotas,4.9
2019-01-01,Kaunas,Aleksotas,3.79
2020-01-01,Kaunas,Aleksotas,6.83
2018-01-01,Kaunas,Aleksotas,4.97
2018-09-01,Kaunas,Aleksotas,5.01
2020-04-01,Kaunas,Aleksotas,5.44
2019-02-01,Kaunas,Aleksotas,4.4
2019-08-01,Kaunas,Aleksotas,5.66
2018-02-01,Kaunas,Aleksotas,4.8
2019-09-01,Kaunas,Aleksotas,6.52
2019-06-01,Kaunas,Aleksotas,4.55
2020-09-01,Kaunas,Aleksotas,4.92
2019-11-01,Kaunas,Aleksotas,7.4
2020-02-01,Kaunas,Aleksotas,5.98
2018-04-01,Kaunas,Aleksotas,5.58
2021-09-01,Kaunas,Aleksotas,7.61
2019-10-01,Kaunas,Aukštieji Šančiai,5.82
2019-07-01,Kaunas,Aukštieji Šančiai,6.57
2019-02-01,Kaunas,Aukštieji Šančiai,4.5
2019-08-01,Kaunas,Aukštieji Šančiai,7.01
2019-06-01,Kaunas,Aukštieji Šančiai,6.36
2019-04-01,Kaunas,Aukštieji Šančiai,3.71
2018-05-01,Kaunas,Aukštieji Šančiai,6.24
2018-04-01,Kaunas,Aukštieji Šančiai,5.89
2020-02-01,Kaunas,Aukštieji Šančiai,5.11
2017-12-01,Kaunas,Aukštieji Šančiai,5.7
2019-09-01,Kaunas,Aukštieji Šančiai,7.32
2018-01-01,Kaunas,Aukštieji Šančiai,5.7
2019-05-01,Kaunas,Aukštieji Šančiai,4.27
2019-03-01,Kaunas,Aukštieji Šančiai,3.73
2019-11-01,Kaunas,Aukštieji Šančiai,4.29
2018-04-01,Kaunas,Vytėnai,6.44
2019-05-01,Kaunas,Vytėnai,3.67
2019-11-01,Kaunas,Vytėnai,3.96
2020-12-01,Kaunas,Vytėnai,3.04
2019-10-01,Kaunas,Vytėnai,4.32
2020-05-01,Kaunas,Vytėnai,8.89
2018-02-01,Kaunas,Vytėnai,6.44
2021-02-01,Kaunas,Vytėnai,5.31
2018-01-01,Kaunas,Vytėnai,6.44
2018-09-01,Kaunas,Vytėnai,6.83
2021-01-01,Kaunas,Vytėnai,4.38
2020-07-01,Kaunas,Vytėnai,6.28
2019-06-01,Kaunas,Vytėnai,4.29
2019-04-01,Kaunas,Vytėnai,3.38
2020-09-01,Kaunas,Vytėnai,7.78
2021-12-01,Kaunas,Vytėnai,9.54
2018-12-01,Kaunas,Vytėnai,7.52
2018-08-01,Kaunas,Vytėnai,7.05
2019-09-01,Kaunas,Vytėnai,5.26
2019-01-01,Kaunas,Vytėnai,8.42
2018-03-01,Kaunas,Vytėnai,6.44
2021-03-01,Kaunas,Vytėnai,10.89
2017-12-01,Kaunas,Vytėnai,6.44
2019-12-01,Kaunas,Vytėnai,6.2
2020-01-01,Kaunas,Vytėnai,5.55
2018-06-01,Kaunas,Vytėnai,6.88
2019-08-01,Kaunas,Vytėnai,5.49
2018-07-01,Kaunas,Vytėnai,7.2
2020-02-01,Kaunas,Vytėnai,5.61
2019-03-01,Kaunas,Vytėnai,3.38
2019-07-01,Kaunas,Vytėnai,5.69
2020-08-01,Kaunas,Vytėnai,7.65
2018-11-01,Kaunas,Vytėnai,6.97
2020-12-01,Kaunas,Vilijampolė,4.95
2020-10-01,Kaunas,Vilijampolė,3.38
2020-09-01,Kaunas,Vilijampolė,3.24
2021-01-01,Kaunas,Vilijampolė,5.12
2021-01-01,Kaunas,Žaliakalnis,4.57
2019-05-01,Kaunas,Žaliakalnis,5.32
2020-08-01,Kaunas,Žaliakalnis,4.01
2018-10-01,Kaunas,Žaliakalnis,6.27
2021-09-01,Kaunas,Žaliakalnis,7.43
2019-03-01,Kaunas,Žaliakalnis,4.65
2019-12-01,Kaunas,Žaliakalnis,4.45
2019-10-01,Kaunas,Žaliakalnis,7.47
2020-01-01,Kaunas,Žaliakalnis,4.65
2018-04-01,Kaunas,Žaliakalnis,5.73
2019-04-01,Kaunas,Žaliakalnis,5.78
2019-09-01,Kaunas,Žaliakalnis,8.47
2020-06-01,Kaunas,Žaliakalnis,3.8
2019-08-01,Kaunas,Žaliakalnis,8.2
2018-08-01,Kaunas,Žaliakalnis,6.56
2017-12-01,Kaunas,Žaliakalnis,4.39
2019-02-01,Kaunas,Žaliakalnis,6.26
2019-11-01,Kaunas,Žaliakalnis,5.37
2020-11-01,Kaunas,Žaliakalnis,3.6
2018-06-01,Kaunas,Žaliakalnis,6.16
2018-11-01,Kaunas,Žaliakalnis,6.85
2020-09-01,Kaunas,Žaliakalnis,5.09
2020-04-01,Kaunas,Žaliakalnis,4.09
2020-03-01,Kaunas,Žaliakalnis,4.43
2018-05-01,Kaunas,Žaliakalnis,6.4
2021-02-01,Kaunas,Žaliakalnis,7.16
2019-01-01,Kaunas,Žaliakalnis,6.3
2018-01-01,Kaunas,Žaliakalnis,4.97
2020-10-01,Kaunas,Žaliakalnis,5.16
2020-12-01,Kaunas,Žaliakalnis,4.36
2018-02-01,Kaunas,Žaliakalnis,6.5
2021-03-01,Kaunas,Žaliakalnis,6.55
2020-07-01,Kaunas,Žaliakalnis,3.2
2019-07-01,Kaunas,Žaliakalnis,6.32
2018-07-01,Kaunas,Žaliakalnis,6.46
2020-02-01,Kaunas,Žaliakalnis,4.58
2020-05-01,Kaunas,Žaliakalnis,3.82
2019-10-01,Kaunas,Žemieji Šančiai,6.88
2020-09-01,Kaunas,Žemieji Šančiai,4.71
2019-08-01,Kaunas,Žemieji Šančiai,3.97
2020-02-01,Kaunas,Žemieji Šančiai,7.9
2019-01-01,Kaunas,Žemieji Šančiai,4.32
2019-12-01,Kaunas,Žemieji Šančiai,5.23
2018-03-01,Kaunas,Žemieji Šančiai,2.69
2019-09-01,Kaunas,Žemieji Šančiai,7.38
2020-10-01,Kaunas,Žemieji Šančiai,2.0
2020-11-01,Kaunas,Žemieji Šančiai,2.1
2018-11-01,Kaunas,Žemieji Šančiai,4.17
2020-01-01,Kaunas,Žemieji Šančiai,5.81
2018-10-01,Kaunas,Žemieji Šančiai,5.67
2019-11-01,Kaunas,Žemieji Šančiai,6.29
2017-12-01,Kaunas,Žemieji Šančiai,6.98
2018-01-01,Kaunas,Žemieji Šančiai,6.86
2019-09-01,Kaunas,Žemutiniai Kaniūkai,4.18
2020-09-01,Kaunas,Sargėnai,2.96
2021-02-01,Kaunas,Sargėnai,5.15
2021-03-01,Kaunas,Sargėnai,5.17
2020-10-01,Kaunas,Sargėnai,3.0
2019-10-01,Kaunas,Vičiūnai,4.06
2020-01-01,Kaunas,Vičiūnai,6.01
2019-02-01,Kaunas,Vičiūnai,7.56
2021-03-01,Kaunas,Vičiūnai,12.1
2019-09-01,Kaunas,Vičiūnai,4.98
2020-04-01,Kaunas,Vičiūnai,6.76
2019-11-01,Kaunas,Vičiūnai,4.17
2019-08-01,Kaunas,Vičiūnai,6.78
2020-02-01,Kaunas,Vičiūnai,5.51
2020-10-01,Kaunas,Vičiūnai,5.42
2021-02-01,Kaunas,Vičiūnai,8.13
2020-03-01,Kaunas,Vičiūnai,6.53
2019-12-01,Kaunas,Vičiūnai,5.72
2020-12-01,Kaunas,Vičiūnai,10.39
2021-01-01,Kaunas,Vičiūnai,7.4
2019-03-01,Kaunas,Vičiūnai,7.39
2020-03-01,Kaunas,Šilainiai,4.63
2020-12-01,Kaunas,Šilainiai,5.91
2018-12-01,Kaunas,Šilainiai,2.25
2019-04-01,Kaunas,Šilainiai,5.24
2019-11-01,Kaunas,Šilainiai,3.85
2021-02-01,Kaunas,Šilainiai,5.19
2019-03-01,Kaunas,Šilainiai,5.93
2018-07-01,Kaunas,Šilainiai,4.92
2017-11-01,Kaunas,Šilainiai,4.66
2018-03-01,Kaunas,Šilainiai,5.57
2019-12-01,Kaunas,Šilainiai,3.57
2020-05-01,Kaunas,Šilainiai,5.09
2019-06-01,Kaunas,Šilainiai,6.37
2018-05-01,Kaunas,Šilainiai,5.35
2020-01-01,Kaunas,Šilainiai,3.57
2020-04-01,Kaunas,Šilainiai,4.42
2018-01-01,Kaunas,Šilainiai,4.06
2018-06-01,Kaunas,Šilainiai,5.22
2021-01-01,Kaunas,Šilainiai,4.82
2017-12-01,Kaunas,Šilainiai,3.91
2020-11-01,Kaunas,Šilainiai,7.32
2019-09-01,Kaunas,Šilainiai,9.15
2020-10-01,Kaunas,Šilainiai,6.84
2020-02-01,Kaunas,Šilainiai,3.77
2020-07-01,Kaunas,Šilainiai,5.5
2018-04-01,Kaunas,Šilainiai,5.41
2020-06-01,Kaunas,Šilainiai,3.71
2018-02-01,Kaunas,Šilainiai,5.66
2019-07-01,Kaunas,Šilainiai,6.48
2018-08-01,Kaunas,Senamiestis,8.43
2018-09-01,Kaunas,Senamiestis,8.43
2020-12-01,Kaunas,Vaišvydava,6.25
2018-06-01,Kaunas,Vaišvydava,50.71
2019-06-01,Kaunas,Vaišvydava,2.85
2019-05-01,Kaunas,Vaišvydava,3.08
2020-05-01,Kaunas,Vaišvydava,5.91
2020-04-01,Kaunas,Vaišvydava,6.39
2018-05-01,Kaunas,Vaišvydava,3.89
2020-08-01,Kaunas,Vaišvydava,10.13
2020-07-01,Kaunas,Vaišvydava,8.52
2020-11-01,Kaunas,Vaišvydava,7.95
2019-04-01,Kaunas,Vaišvydava,3.1
2018-04-01,Kaunas,Vaišvydava,3.87
2021-02-01,Kaunas,Vaišvydava,6.16
2018-03-01,Kaunas,Vaišvydava,3.19
2019-03-01,Kaunas,Vaišvydava,3.43
2021-01-01,Kaunas,Vaišvydava,6.18
2018-12-01,Kaunas,Vaišvydava,1.96
2020-07-01,Kaunas,Vilijampolė,4.15
2018-01-01,Kaunas,Vilijampolė,1.95
2018-03-01,Kaunas,Vilijampolė,2.31
2020-02-01,Kaunas,Vilijampolė,5.32
2018-04-01,Kaunas,Vilijampolė,3.1
2019-10-01,Kaunas,Vilijampolė,6.3
2018-09-01,Kaunas,Vilijampolė,4.13
2019-02-01,Kaunas,Vilijampolė,6.73
2018-10-01,Kaunas,Vilijampolė,4.91
2019-04-01,Kaunas,Vilijampolė,7.14
2018-02-01,Kaunas,Vilijampolė,1.95
2018-05-01,Kaunas,Vilijampolė,4.25
2020-06-01,Kaunas,Vilijampolė,4.1
2019-03-01,Kaunas,Vilijampolė,6.85
2020-01-01,Kaunas,Vilijampolė,3.8
2020-04-01,Kaunas,Vilijampolė,4.84
2018-12-01,Kaunas,Vilijampolė,4.91
2020-03-01,Kaunas,Vilijampolė,5.24
2019-11-01,Kaunas,Vilijampolė,4.07
2020-08-01,Kaunas,Vilijampolė,3.98
2019-07-01,Kaunas,Vilijampolė,5.71
2019-09-01,Kaunas,Vilijampolė,6.39
2020-05-01,Kaunas,Vilijampolė,4.2
2019-12-01,Kaunas,Vilijampolė,3.93
2018-11-01,Kaunas,Vilijampolė,4.56
2018-08-01,Kaunas,Vilijampolė,4.16
2019-01-01,Kaunas,Vilijampolė,5.44
2018-09-01,Kaunas,Freda,4.1
2018-11-01,Kaunas,Freda,3.98
2019-07-01,Kaunas,Freda,5.14
2018-05-01,Kaunas,Freda,7.01
2018-12-01,Kaunas,Freda,3.43
2017-12-01,Kaunas,Freda,4.42
2018-06-01,Kaunas,Freda,4.79
2019-08-01,Kaunas,Freda,5.28
2019-06-01,Kaunas,Freda,4.8
2018-08-01,Kaunas,Freda,4.03
2019-03-01,Kaunas,Freda,3.43
2018-01-01,Kaunas,Freda,4.52
2019-05-01,Kaunas,Freda,4.8
2018-03-01,Kaunas,Freda,8.27
2019-02-01,Kaunas,Freda,3.43
2018-10-01,Kaunas,Freda,4.76
2018-04-01,Kaunas,Freda,7.57
2018-07-01,Kaunas,Freda,3.39
2019-01-01,Kaunas,Freda,3.43
2017-08-01,Kaunas,Centras,10.11
2019-08-01,Kaunas,Centras,10.7
2017-01-01,Kaunas,Centras,7.99
2020-06-01,Kaunas,Centras,5.05
2019-04-01,Kaunas,Centras,8.02
2020-05-01,Kaunas,Centras,5.73
2017-03-01,Kaunas,Centras,6.57
2017-09-01,Kaunas,Centras,7.78
2017-02-01,Kaunas,Centras,9.51
2017-12-01,Kaunas,Centras,21.01
2017-05-01,Kaunas,Centras,10.75
2019-05-01,Kaunas,Centras,7.67
2018-06-01,Kaunas,Centras,2533.77
2018-01-01,Kaunas,Centras,12.01
2019-01-01,Kaunas,Centras,7.12
2019-09-01,Kaunas,Centras,15.22
2018-12-01,Kaunas,Centras,7.0
2019-10-01,Kaunas,Centras,12.01
2020-01-01,Kaunas,Centras,7.33
2019-06-01,Kaunas,Centras,7.67
2020-04-01,Kaunas,Centras,6.91
2018-05-01,Kaunas,Centras,5.72
2019-11-01,Kaunas,Centras,7.67
2019-02-01,Kaunas,Dainava,10.88
2018-10-01,Kaunas,Dainava,5.6
2019-03-01,Kaunas,Dainava,9.71
2020-10-01,Kaunas,Dainava,2.96
2019-11-01,Kaunas,Dainava,2.39
2020-03-01,Kaunas,Dainava,7.96
2020-05-01,Kaunas,Dainava,6.61
2019-04-01,Kaunas,Dainava,9.2
2021-03-01,Kaunas,Dainava,4.87
2020-12-01,Kaunas,Dainava,5.92
2018-04-01,Kaunas,Dainava,10.0
2018-09-01,Kaunas,Dainava,5.57
2021-02-01,Kaunas,Dainava,4.99
2021-01-01,Kaunas,Dainava,5.2
2020-09-01,Kaunas,Dainava,3.75
2018-11-01,Kaunas,Dainava,4.87
2020-02-01,Kaunas,Dainava,7.86
2019-01-01,Kaunas,Dainava,12.92
2019-12-01,Kaunas,Dainava,13.4
2018-03-01,Kaunas,Dainava,9.66
2018-12-01,Kaunas,Dainava,7.67
2018-02-01,Kaunas,Dainava,10.05
2019-09-01,Kaunas,Dainava,6.61
2020-08-01,Kaunas,Dainava,5.09
2020-01-01,Kaunas,Dainava,11.11
2019-08-01,Kaunas,Dainava,5.69
2018-05-01,Kaunas,Dainava,7.83
2018-01-01,Kaunas,Dainava,10.77
2020-06-01,Kaunas,Dainava,6.37
2021-03-01,Kaunas,Eiguliai,1.27
2020-06-01,Kaunas,Eiguliai,4.27
2019-10-01,Kaunas,Eiguliai,5.01
2019-08-01,Kaunas,Eiguliai,5.75
2020-10-01,Kaunas,Eiguliai,6.63
2020-03-01,Kaunas,Eiguliai,4.49
2021-02-01,Kaunas,Eiguliai,1.27
2019-09-01,Kaunas,Eiguliai,5.06
2020-04-01,Kaunas,Eiguliai,4.33
2020-07-01,Kaunas,Aukštieji Šančiai,9.66
2021-02-01,Kaunas,Aukštieji Šančiai,8.7
2020-09-01,Kaunas,Aukštieji Šančiai,6.61
2021-03-01,Kaunas,Aukštieji Šančiai,8.7
2021-01-01,Kaunas,Aukštieji Šančiai,8.7
2020-08-01,Kaunas,Aukštieji Šančiai,8.07
2020-12-01,Kaunas,Aukštieji Šančiai,8.7
2020-06-01,Kaunas,Aukštutiniai Kaniūkai,3.23
2019-02-01,Kaunas,Aukštutiniai Kaniūkai,4.76
2019-03-01,Kaunas,Aukštutiniai Kaniūkai,4.46
2018-07-01,Kaunas,Aukštutiniai Kaniūkai,7.27
2020-07-01,Kaunas,Aukštutiniai Kaniūkai,3.23
2018-06-01,Kaunas,Aukštutiniai Kaniūkai,7.27
2020-09-01,Palanga,Palanga,7.01
2020-10-01,Palanga,Palanga,6.17
2018-09-01,Palanga,Šventoji,4.03
2018-08-01,Palanga,Šventoji,4.36
2020-07-01,Palanga,Šventoji,9.15
2018-07-01,Palanga,Šventoji,5.51
2020-11-01,Vilnius,Rasos,19.23
2019-01-01,Vilnius,Rasos,9.66
2020-09-01,Vilnius,Rasos,21.49
2019-12-01,Vilnius,Rasos,8.02
2020-05-01,Vilnius,Rasos,8.66
2020-01-01,Vilnius,Rasos,7.89
2018-11-01,Vilnius,Rasos,9.62
2019-02-01,Vilnius,Rasos,9.66
2018-12-01,Vilnius,Rasos,9.66
2020-04-01,Vilnius,Rasos,9.03
2018-01-01,Vilnius,Rasos,10.32
2020-06-01,Vilnius,Rasos,7.94
2020-10-01,Vilnius,Rasos,19.23
2020-07-01,Vilnius,Rasos,9.26
2021-01-01,Vilnius,Rasos,16.92
2018-02-01,Vilnius,Rasos,10.43
2020-02-01,Vilnius,Rasos,7.89
2020-03-01,Vilnius,Rasos,8.72
2017-12-01,Vilnius,Rasos,8.66
2020-12-01,Vilnius,Rasos,17.52
2020-10-01,Vilnius,Pilaitė,8.3
2020-08-01,Vilnius,Pilaitė,7.73
2021-12-01,Vilnius,Pilaitė,8.35
2021-03-01,Vilnius,Pilaitė,7.35
2021-11-01,Vilnius,Pilaitė,8.4
2020-11-01,Vilnius,Pilaitė,7.44
2020-07-01,Vilnius,Pilaitė,8.25
2021-02-01,Vilnius,Pilaitė,6.56
2020-09-01,Vilnius,Pilaitė,7.67
2018-10-01,Vilnius,Salininkai,6.19
2018-04-01,Vilnius,Salininkai,4.23
2018-12-01,Vilnius,Salininkai,5.37
2018-02-01,Vilnius,Salininkai,4.36
2021-03-01,Vilnius,Salininkai,7.06
2018-08-01,Vilnius,Salininkai,7.34
2018-03-01,Vilnius,Salininkai,5.07
2018-11-01,Vilnius,Salininkai,5.02
2018-01-01,Vilnius,Salininkai,4.71
2018-07-01,Vilnius,Salininkai,4.39
2020-08-01,Vilnius,Salininkai,9.02
2019-06-01,Vilnius,Salininkai,6.14
2018-05-01,Vilnius,Salininkai,4.88
2019-07-01,Vilnius,Saulėtekis,10.83
2018-06-01,Vilnius,Saulėtekis,6.65
2019-01-01,Vilnius,Saulėtekis,4.41
2018-12-01,Vilnius,Saulėtekis,4.41
2018-08-01,Vilnius,Saulėtekis,4.74
2019-06-01,Vilnius,Saulėtekis,11.19
2019-03-01,Vilnius,Saulėtekis,9.62
2019-04-01,Vilnius,Saulėtekis,9.62
2018-05-01,Vilnius,Saulėtekis,6.8
2018-07-01,Vilnius,Saulėtekis,10.42
2018-02-01,Vilnius,Senamiestis,10.49
2017-02-01,Vilnius,Senamiestis,11.36
2018-03-01,Vilnius,Senamiestis,10.49
2017-05-01,Vilnius,Senamiestis,12.28
2017-10-01,Vilnius,Senamiestis,11.11
2017-12-01,Vilnius,Senamiestis,10.41
2017-03-01,Vilnius,Senamiestis,11.62
2017-09-01,Vilnius,Senamiestis,11.21
2018-01-01,Vilnius,Senamiestis,10.47
2017-06-01,Vilnius,Senamiestis,12.02
2017-04-01,Vilnius,Senamiestis,12.3
2017-01-01,Vilnius,Senamiestis,11.53
2017-08-01,Vilnius,Senamiestis,11.45
2017-07-01,Vilnius,Senamiestis,11.37
2018-06-01,Vilnius,Santariškės,5.66
2018-01-01,Vilnius,Santariškės,5.17
2019-07-01,Vilnius,Santariškės,6.66
2019-10-01,Vilnius,Santariškės,5.58
2018-02-01,Vilnius,Santariškės,4.98
2018-05-01,Vilnius,Santariškės,6.74
2018-03-01,Vilnius,Santariškės,5.54
2020-08-01,Vilnius,Santariškės,5.72
2018-11-01,Vilnius,Santariškės,5.79
2018-04-01,Vilnius,Santariškės,7.12
2020-11-01,Vilnius,Santariškės,5.61
2017-12-01,Vilnius,Santariškės,5.78
2020-12-01,Vilnius,Santariškės,6.83
2018-07-01,Vilnius,Santariškės,5.72
2019-08-01,Vilnius,Santariškės,6.13
2021-01-01,Vilnius,Santariškės,6.02
2019-06-01,Vilnius,Santariškės,10.16
2019-01-01,Vilnius,Santariškės,5.88
2020-10-01,Vilnius,Santariškės,5.75
2019-05-01,Vilnius,Santariškės,12.0
2020-01-01,Vilnius,Santariškės,5.94
2020-07-01,Vilnius,Santariškės,6.51
2020-03-01,Vilnius,Santariškės,5.22
2020-09-01,Vilnius,Santariškės,5.59
2019-10-01,Vilnius,Verkiai,7.97
2018-11-01,Vilnius,Verkiai,5.2
2021-01-01,Vilnius,Verkiai,15.72
2019-01-01,Vilnius,Verkiai,6.74
2018-02-01,Vilnius,Verkiai,6.96
2018-06-01,Vilnius,Verkiai,5.84
2018-05-01,Vilnius,Verkiai,5.65
2021-02-01,Vilnius,Verkiai,16.25
2017-12-01,Vilnius,Verkiai,6.62
2021-03-01,Vilnius,Verkiai,16.25
2018-01-01,Vilnius,Verkiai,6.76
2018-03-01,Vilnius,Verkiai,7.33
2018-11-01,Vilnius,Visoriai,5.73
2018-07-01,Vilnius,Visoriai,4.94
2019-05-01,Vilnius,Visoriai,4.83
2017-12-01,Vilnius,Visoriai,5.79
2020-09-01,Vilnius,Visoriai,8.19
2020-02-01,Vilnius,Visoriai,4.76
2019-04-01,Vilnius,Visoriai,4.8
2018-05-01,Vilnius,Visoriai,4.67
2019-07-01,Vilnius,Visoriai,5.77
2019-03-01,Vilnius,Visoriai,4.58
2019-06-01,Vilnius,Visoriai,4.88
2020-08-01,Vilnius,Visoriai,6.74
2018-02-01,Vilnius,Visoriai,6.15
2019-10-01,Vilnius,Visoriai,7.19
2018-03-01,Vilnius,Visoriai,5.32
2019-02-01,Vilnius,Visoriai,6.28
2019-09-01,Vilnius,Visoriai,6.63
2021-01-01,Vilnius,Visoriai,6.27
2018-10-01,Vilnius,Visoriai,6.25
2019-08-01,Vilnius,Visoriai,6.07
2018-01-01,Vilnius,Visoriai,5.71
2018-04-01,Vilnius,Visoriai,4.35
2018-09-01,Vilnius,Visoriai,6.25
2020-04-01,Vilnius,Visoriai,6.9
2018-06-01,Vilnius,Visoriai,5.55
2018-12-01,Vilnius,Visoriai,6.3
2020-03-01,Vilnius,Visoriai,5.89
2020-08-01,Vilnius,Zujūnai,7.47
2018-03-01,Vilnius,Zujūnai,6.22
2019-09-01,Vilnius,Zujūnai,5.44
2019-12-01,Vilnius,Zujūnai,7.78
2018-06-01,Vilnius,Zujūnai,5.92
2018-12-01,Vilnius,Zujūnai,6.15
2020-11-01,Vilnius,Zujūnai,4.32
2021-01-01,Vilnius,Zujūnai,4.29
2021-02-01,Vilnius,Zujūnai,4.29
2018-05-01,Vilnius,Zujūnai,5.96
2019-10-01,Vilnius,Zujūnai,5.43
2020-12-01,Vilnius,Zujūnai,4.27
2019-06-01,Vilnius,Zujūnai,8.79
2018-02-01,Vilnius,Zujūnai,6.5
2020-10-01,Vilnius,Zujūnai,4.91
2018-09-01,Vilnius,Zujūnai,3.33
2020-09-01,Vilnius,Zujūnai,8.94
2019-01-01,Vilnius,Zujūnai,6.3
2020-02-01,Vilnius,Zujūnai,4.97
2020-07-01,Vilnius,Zujūnai,5.74
2020-05-01,Vilnius,Zujūnai,6.25
2018-04-01,Vilnius,Zujūnai,5.95
2019-11-01,Vilnius,Zujūnai,6.83
2021-03-01,Vilnius,Zujūnai,4.43
2019-02-01,Vilnius,Zujūnai,6.75
2017-03-01,Vilnius,Zujūnai,6.32
2020-01-01,Vilnius,Zujūnai,8.23
2020-06-01,Vilnius,Zujūnai,6.04
2019-11-01,Vilnius,Vilkpėdė,5.35
2019-10-01,Vilnius,Vilkpėdė,5.35
2018-08-01,Vilnius,Žirmūnai,9.05
2019-10-01,Vilnius,Žirmūnai,5.67
2018-12-01,Vilnius,Žirmūnai,5.76
2018-11-01,Vilnius,Žirmūnai,5.97
2020-08-01,Vilnius,Žirmūnai,7.2
2018-01-01,Vilnius,Žvėrynas,9.58
2017-10-01,Vilnius,Žvėrynas,9.36
2017-05-01,Vilnius,Žvėrynas,9.8
2018-05-01,Vilnius,Žvėrynas,8.33
2017-12-01,Vilnius,Žvėrynas,9.48
2017-06-01,Vilnius,Žvėrynas,9.77
2018-02-01,Vilnius,Žvėrynas,22.04
2017-08-01,Vilnius,Žvėrynas,8.7
2017-09-01,Vilnius,Žvėrynas,8.59
2018-06-01,Vilnius,Žvėrynas,7.57
2018-03-01,Vilnius,Žvėrynas,9.28
2017-07-01,Vilnius,Žvėrynas,8.84
2018-04-01,Vilnius,Žvėrynas,9.11
2017-04-01,Vilnius,Žvėrynas,9.6
2017-11-01,Vilnius,Žvėrynas,9.34
2021-02-01,Vilnius,Žemieji Paneriai,9.57
2021-03-01,Vilnius,Žemieji Paneriai,9.91
2020-07-01,Vilnius,Galgiai,4.3
2019-02-01,Vilnius,Galgiai,7.83
2020-10-01,Vilnius,Galgiai,665.31
2020-11-01,Vilnius,Galgiai,1209.68
2020-08-01,Vilnius,Galgiai,4.3
2018-11-01,Vilnius,Galgiai,9.04
2019-03-01,Vilnius,Galgiai,7.83
2020-09-01,Vilnius,Galgiai,4.3
2019-12-01,Vilnius,Galgiai,4.17
2018-12-01,Vilnius,Bukčiai,19.91
2018-01-01,Vilnius,Bukčiai,6.04
2019-06-01,Vilnius,Bukčiai,15.82
2019-03-01,Vilnius,Bukčiai,19.91
2019-05-01,Vilnius,Bukčiai,17.48
2018-02-01,Vilnius,Bukčiai,6.51
2017-12-01,Vilnius,Bukčiai,8.19
2019-02-01,Vilnius,Bukčiai,19.91
2019-01-01,Vilnius,Bukčiai,19.91
2019-04-01,Vilnius,Bukčiai,18.05
2017-12-01,Vilnius,Filaretai,5.65
2019-11-01,Vilnius,Filaretai,7.43
2018-11-01,Vilnius,Filaretai,10.42
2019-10-01,Vilnius,Filaretai,7.39
2019-09-01,Vilnius,Filaretai,7.63
2019-09-01,Vilnius,Dvarčionys,5.58
2021-02-01,Vilnius,Dvarčionys,10.98
2018-11-01,Vilnius,Dvarčionys,4.81
2019-11-01,Vilnius,Dvarčionys,4.38
2018-02-01,Vilnius,Dvarčionys,4.76
2019-10-01,Vilnius,Dvarčionys,5.03
2018-11-01,Vilnius,Buivydiškės,9.13
2018-12-01,Vilnius,Buivydiškės,7.51
2018-03-01,Vilnius,Buivydiškės,3.8
2018-02-01,Vilnius,Buivydiškės,3.8
2018-07-01,Vilnius,Gineitiškės,5.67
2018-06-01,Vilnius,Gineitiškės,6.32
2019-07-01,Vilnius,Gineitiškės,5.13
2017-12-01,Vilnius,Gineitiškės,5.94
2019-06-01,Vilnius,Gineitiškės,5.91
2020-03-01,Vilnius,Fabijoniškės,9.55
2018-01-01,Vilnius,Fabijoniškės,3.41
2018-12-01,Vilnius,Fabijoniškės,5.23
2019-05-01,Vilnius,Fabijoniškės,5.3
2019-04-01,Vilnius,Fabijoniškės,5.3
2019-02-01,Vilnius,Fabijoniškės,5.3
2018-02-01,Vilnius,Fabijoniškės,3.41
2017-12-01,Vilnius,Fabijoniškės,3.41
2018-08-01,Vilnius,Fabijoniškės,5.07
2018-11-01,Vilnius,Fabijoniškės,5.2
2019-03-01,Vilnius,Fabijoniškės,5.3
2018-05-01,Vilnius,Fabijoniškės,3.76
2018-04-01,Vilnius,Fabijoniškės,3.41
2018-10-01,Vilnius,Fabijoniškės,4.75
2018-03-01,Vilnius,Fabijoniškės,3.41
2018-09-01,Vilnius,Fabijoniškės,4.83
2018-08-01,Vilnius,Didieji Gulbinai,6.02
2020-08-01,Vilnius,Didieji Gulbinai,5.79
2018-10-01,Vilnius,Didieji Gulbinai,6.3
2020-02-01,Vilnius,Didieji Gulbinai,6.15
2018-05-01,Vilnius,Didieji Gulbinai,7.2
2019-01-01,Vilnius,Didieji Gulbinai,6.01
2019-08-01,Vilnius,Didieji Gulbinai,6.55
2020-09-01,Vilnius,Didieji Gulbinai,5.79
2018-09-01,Vilnius,Didieji Gulbinai,6.46
2020-03-01,Vilnius,Didieji Gulbinai,5.88
2018-06-01,Vilnius,Didieji Gulbinai,6.97
2018-07-01,Vilnius,Didieji Gulbinai,6.43
2018-11-01,Vilnius,Didieji Gulbinai,5.86
2018-04-01,Vilnius,Didieji Gulbinai,5.89
2020-05-01,Vilnius,Didieji Gulbinai,6.63
2018-02-01,Vilnius,Didieji Gulbinai,6.35
2019-01-01,Vilnius,Užupis,8.4
2019-04-01,Vilnius,Užupis,8.49
2019-12-01,Vilnius,Užupis,7.29
2020-03-01,Vilnius,Užupis,5.72
2020-06-01,Vilnius,Užupis,13.4
2020-02-01,Vilnius,Užupis,6.34
2019-05-01,Vilnius,Užupis,8.25
2020-04-01,Vilnius,Užupis,8.11
2018-12-01,Vilnius,Užupis,8.61
2020-05-01,Vilnius,Užupis,9.37
2020-08-01,Vilnius,Tarandė,6.68
2020-11-01,Vilnius,Tarandė,6.76
2020-07-01,Vilnius,Tarandė,6.46
2020-10-01,Vilnius,Tarandė,5.26
2022-08-01,Vilnius,Tarandė,12.43
2021-02-01,Vilnius,Tarandė,5.5
2020-09-01,Vilnius,Tarandė,5.71
2021-03-01,Vilnius,Tarandė,5.68
2019-04-01,Vilnius,Turniškės,9.29
2019-06-01,Vilnius,Turniškės,6.93
2020-07-01,Vilnius,Turniškės,9.72
2020-06-01,Vilnius,Turniškės,9.49
2019-03-01,Vilnius,Turniškės,10.3
2019-09-01,Vilnius,Turniškės,9.09
2018-07-01,Vilnius,Turniškės,10.72
2019-10-01,Vilnius,Turniškės,8.14
2019-08-01,Vilnius,Turniškės,10.0
2020-11-01,Vilnius,Užusieniai,13.2
2021-01-01,Vilnius,Užusieniai,4.69
2017-10-01,Vilnius,Valakampiai,10.05
2020-05-01,Vilnius,Valakampiai,9.35
2020-12-01,Vilnius,Valakampiai,10.41
2019-03-01,Vilnius,Valakampiai,9.91
2020-10-01,Vilnius,Valakampiai,9.23
2021-02-01,Vilnius,Valakampiai,9.55
2019-04-01,Vilnius,Valakampiai,10.4
2020-09-01,Vilnius,Valakampiai,9.71
2018-06-01,Vilnius,Valakampiai,9.76
2019-09-01,Vilnius,Valakampiai,10.92
2022-06-01,Vilnius,Valakampiai,11.8
2017-03-01,Vilnius,Valakampiai,9.95
2021-09-01,Vilnius,Valakampiai,11.97
2018-02-01,Vilnius,Valakampiai,8.39
2020-08-01,Vilnius,Valakampiai,9.11
2019-10-01,Vilnius,Valakampiai,9.59
2020-03-01,Vilnius,Valakampiai,8.53
2020-04-01,Vilnius,Valakampiai,8.98
2018-05-01,Vilnius,Valakampiai,9.79
2022-08-01,Vilnius,Valakampiai,13.2
2020-07-01,Vilnius,Valakampiai,6.53
2020-01-01,Vilnius,Valakampiai,8.92
2019-05-01,Vilnius,Valakampiai,10.98
2019-07-01,Vilnius,Valakampiai,9.84
2021-01-01,Vilnius,Valakampiai,10.52
2020-11-01,Vilnius,Valakampiai,10.11
2018-04-01,Vilnius,Valakampiai,9.03
2018-07-01,Vilnius,Valakampiai,9.93
2018-08-01,Vilnius,Valakampiai,9.96
2019-12-01,Vilnius,Valakampiai,8.9
2020-06-01,Vilnius,Valakampiai,7.55
2019-11-01,Vilnius,Valakampiai,9.08
2018-01-01,Vilnius,Valakampiai,9.7
2019-06-01,Vilnius,Valakampiai,10.67
2019-08-01,Vilnius,Valakampiai,9.58
2017-12-01,Vilnius,Valakampiai,10.53
2018-03-01,Vilnius,Valakampiai,8.33
2022-07-01,Vilnius,Valakampiai,13.13
2017-11-01,Vilnius,Valakampiai,10.2
2020-02-01,Vilnius,Valakampiai,8.61
2021-03-01,Vilnius,Valakampiai,10.01
2018-05-01,Vilnius,Trakų Vokė,4.32
2019-08-01,Vilnius,Trakų Vokė,6.43
2018-01-01,Vilnius,Trakų Vokė,5.61
2019-09-01,Vilnius,Trakų Vokė,6.09
2018-07-01,Vilnius,Trakų Vokė,5.61
2018-08-01,Vilnius,Trakų Vokė,6.04
2020-11-01,Vilnius,Trakų Vokė,9.02
2020-12-01,Vilnius,Trakų Vokė,6.03
2018-10-01,Vilnius,Trakų Vokė,5.61
2018-04-01,Vilnius,Trakų Vokė,5.61
2019-11-01,Vilnius,Trakų Vokė,4.52
2018-02-01,Vilnius,Trakų Vokė,5.28
2021-01-01,Vilnius,Trakų Vokė,5.61
2018-09-01,Vilnius,Trakų Vokė,6.01
2018-03-01,Vilnius,Trakų Vokė,5.5
2019-10-01,Vilnius,Trakų Vokė,6.27
2020-10-01,Vilnius,Trakų Vokė,8.3
2018-06-01,Vilnius,Trakų Vokė,4.99
2019-04-01,Vilnius,Trakų Vokė,3.69
2021-06-01,Vilnius,Žvėrynas,13.82
2020-10-01,Vilnius,Žvėrynas,14.97
2021-02-01,Vilnius,Žvėrynas,14.1
2020-04-01,Vilnius,Žvėrynas,11.72
2018-11-01,Vilnius,Žvėrynas,10.19
2019-09-01,Vilnius,Žvėrynas,10.99
2018-07-01,Vilnius,Žvėrynas,6.93
2019-12-01,Vilnius,Žvėrynas,12.44
2019-07-01,Vilnius,Žvėrynas,9.36
2020-07-01,Vilnius,Žvėrynas,12.08
2019-10-01,Vilnius,Žvėrynas,9.45
2019-03-01,Vilnius,Žvėrynas,9.72
2018-09-01,Vilnius,Žvėrynas,10.71
2019-01-01,Vilnius,Žvėrynas,9.92
2020-08-01,Vilnius,Žvėrynas,13.54
2021-01-01,Vilnius,Žvėrynas,14.13
2022-06-01,Vilnius,Žvėrynas,14.22
2019-04-01,Vilnius,Žvėrynas,11.35
2020-02-01,Vilnius,Žvėrynas,12.56
2019-06-01,Vilnius,Žvėrynas,9.62
2020-12-01,Vilnius,Žvėrynas,13.84
2020-01-01,Vilnius,Žvėrynas,13.55
2020-03-01,Vilnius,Žvėrynas,12.5
2020-05-01,Vilnius,Žvėrynas,11.9
2021-03-01,Vilnius,Žvėrynas,14.1
2019-02-01,Vilnius,Žvėrynas,10.39
2021-11-01,Vilnius,Žvėrynas,14.2
2018-08-01,Vilnius,Žvėrynas,8.61
2018-10-01,Vilnius,Žvėrynas,10.24
2020-11-01,Vilnius,Žvėrynas,13.74
2019-11-01,Vilnius,Žvėrynas,8.52
2018-12-01,Vilnius,Žvėrynas,10.17
2019-08-01,Vilnius,Žvėrynas,9.85
2022-01-01,Vilnius,Žvėrynas,14.22
2022-08-01,Vilnius,Žvėrynas,14.7
2019-05-01,Vilnius,Žvėrynas,10.48
2020-06-01,Vilnius,Žvėrynas,12.77
2020-09-01,Vilnius,Žvėrynas,15.01
2021-12-01,Vilnius,Žvėrynas,13.48
2019-05-01,Vilnius,Bajorai,6.05
2019-09-01,Vilnius,Bajorai,5.73
2020-09-01,Vilnius,Bajorai,4.1
2020-11-01,Vilnius,Bajorai,4.47
2020-03-01,Vilnius,Bajorai,6.96
2020-06-01,Vilnius,Bajorai,6.62
2019-06-01,Vilnius,Bajorai,6.43
2022-06-01,Vilnius,Bajorai,13.45
2019-07-01,Vilnius,Bajorai,6.46
2020-05-01,Vilnius,Bajorai,6.37
2020-01-01,Vilnius,Bajorai,6.3
2020-04-01,Vilnius,Bajorai,6.19
2020-07-01,Vilnius,Bajorai,7.17
2020-12-01,Vilnius,Bajorai,4.41
2019-04-01,Vilnius,Bajorai,5.64
2020-02-01,Vilnius,Bajorai,6.86
2019-12-01,Vilnius,Bajorai,6.18
2020-10-01,Vilnius,Bajorai,3.81
2019-11-01,Vilnius,Bajorai,6.01
2019-03-01,Vilnius,Bajorai,7.78
2020-08-01,Vilnius,Bajorai,5.06
2019-10-01,Vilnius,Balsiai,4.61
2018-12-01,Vilnius,Balsiai,3.37
2018-01-01,Vilnius,Balsiai,4.63
2018-03-01,Vilnius,Balsiai,5.26
2019-07-01,Vilnius,Balsiai,6.08
2017-06-01,Vilnius,Balsiai,4.06
2017-12-01,Vilnius,Balsiai,5.53
2019-01-01,Vilnius,Balsiai,4.54
2020-02-01,Vilnius,Balsiai,5.28
2018-07-01,Vilnius,Balsiai,4.57
2021-01-01,Vilnius,Balsiai,7.57
2019-08-01,Vilnius,Balsiai,5.73
2018-08-01,Vilnius,Balsiai,2.92
2017-07-01,Vilnius,Balsiai,3.67
2018-05-01,Vilnius,Balsiai,5.21
2021-02-01,Vilnius,Balsiai,7.89
2017-05-01,Vilnius,Balsiai,4.39
2019-12-01,Vilnius,Balsiai,5.12
2022-08-01,Vilnius,Balsiai,9.11
2017-09-01,Vilnius,Balsiai,3.86
2019-11-01,Vilnius,Balsiai,4.54
2020-11-01,Vilnius,Balsiai,10.12
2020-06-01,Vilnius,Balsiai,9.92
2019-04-01,Vilnius,Balsiai,7.02
2018-02-01,Vilnius,Balsiai,4.92
2017-03-01,Vilnius,Balsiai,4.19
2020-12-01,Vilnius,Balsiai,8.25
2018-06-01,Vilnius,Balsiai,5.21
2020-01-01,Vilnius,Balsiai,78.47
2018-10-01,Vilnius,Balsiai,3.81
2018-09-01,Vilnius,Balsiai,3.19
2019-05-01,Vilnius,Balsiai,8.27
2018-11-01,Vilnius,Balsiai,3.77
2017-10-01,Vilnius,Balsiai,4.35
2019-03-01,Vilnius,Balsiai,4.74
2019-09-01,Vilnius,Balsiai,5.08
2017-08-01,Vilnius,Balsiai,3.76
2019-02-01,Vilnius,Balsiai,3.68
2018-04-01,Vilnius,Balsiai,5.59
2018-02-01,Vilnius,Baltupiai,4.94
2019-05-01,Vilnius,Baltupiai,5.23
2019-04-01,Vilnius,Baltupiai,5.32
2019-10-01,Vilnius,Baltupiai,6.03
2018-01-01,Vilnius,Baltupiai,4.63
2019-12-01,Vilnius,Baltupiai,5.35
2020-06-01,Vilnius,Baltupiai,6.04
2019-03-01,Vilnius,Baltupiai,5.6
2021-02-01,Vilnius,Baltupiai,11.21
2017-06-01,Vilnius,Baltupiai,3.11
2018-12-01,Vilnius,Baltupiai,5.04
2018-10-01,Vilnius,Baltupiai,6.2
2019-08-01,Vilnius,Baltupiai,6.53
2018-06-01,Vilnius,Baltupiai,4.77
2020-02-01,Vilnius,Baltupiai,6.81
2019-09-01,Vilnius,Baltupiai,6.34
2020-04-01,Vilnius,Baltupiai,4.63
2018-08-01,Vilnius,Baltupiai,4.47
2018-11-01,Vilnius,Baltupiai,5.29
2020-05-01,Vilnius,Baltupiai,5.29
2018-05-01,Vilnius,Baltupiai,5.52
2020-03-01,Vilnius,Baltupiai,5.79
2020-12-01,Vilnius,Baltupiai,9.77
2019-06-01,Vilnius,Baltupiai,5.26
2018-07-01,Vilnius,Baltupiai,3.86
2020-01-01,Vilnius,Baltupiai,5.5
2021-03-01,Vilnius,Baltupiai,11.21
2018-04-01,Vilnius,Baltupiai,6.57
2017-12-01,Vilnius,Baltupiai,4.89
2018-03-01,Vilnius,Baltupiai,5.73
2019-11-01,Vilnius,Baltupiai,5.53
2018-01-01,Vilnius,Buivydiškės,3.8
2017-12-01,Vilnius,Buivydiškės,3.85
2019-06-01,Vilnius,Pagiriai,3.01
2020-06-01,Vilnius,Pagiriai,4.81
2021-02-01,Vilnius,Pagiriai,3.4
2018-03-01,Vilnius,Paneriai,4.05
2018-02-01,Vilnius,Paneriai,4.05
2019-06-01,Vilnius,Paneriai,8.97
2018-04-01,Vilnius,Paneriai,4.89
2017-12-01,Vilnius,Paneriai,4.05
2018-05-01,Vilnius,Paneriai,4.83
2018-01-01,Vilnius,Paneriai,4.05
2018-05-01,Vilnius,Ožkiniai,8.13
2018-06-01,Vilnius,Ožkiniai,7.71
2021-02-01,Vilnius,Markučiai,7.32
2021-03-01,Vilnius,Markučiai,7.52
2021-01-01,Vilnius,Markučiai,7.11
2018-07-01,Vilnius,Naujininkai,5.25
2019-04-01,Vilnius,Naujininkai,6.63
2018-06-01,Vilnius,Naujininkai,6.48
2018-09-01,Vilnius,Naujininkai,5.02
2018-12-01,Vilnius,Naujininkai,5.34
2019-10-01,Vilnius,Naujininkai,7.38
2019-02-01,Vilnius,Naujininkai,7.02
2018-11-01,Vilnius,Naujininkai,5.35
2019-11-01,Vilnius,Naujininkai,7.4
2019-03-01,Vilnius,Naujininkai,6.89
2018-10-01,Vilnius,Naujininkai,6.27
2020-08-01,Vilnius,Naujininkai,9.03
2020-10-01,Vilnius,Naujininkai,10.58
2018-08-01,Vilnius,Naujininkai,4.03
2019-05-01,Vilnius,Naujininkai,8.57
2020-11-01,Vilnius,Naujininkai,8.42
2019-01-01,Vilnius,Naujininkai,43.87
2020-05-01,Vilnius,Naujamiestis,10.11
2018-03-01,Vilnius,Naujamiestis,9.25
2020-01-01,Vilnius,Naujamiestis,348.66
2020-12-01,Vilnius,Naujamiestis,9.32
2017-12-01,Vilnius,Naujamiestis,8.71
2019-05-01,Vilnius,Naujamiestis,8.49
2019-07-01,Vilnius,Naujamiestis,8.52
2021-01-01,Vilnius,Naujamiestis,7.8
2018-05-01,Vilnius,Naujamiestis,8.62
2019-10-01,Vilnius,Naujamiestis,204.91
2019-09-01,Vilnius,Naujamiestis,8.31
2019-06-01,Vilnius,Naujamiestis,8.36
2019-03-01,Vilnius,Naujamiestis,11.16
2020-03-01,Vilnius,Naujamiestis,222.87
2018-02-01,Vilnius,Naujamiestis,8.56
2020-11-01,Vilnius,Naujamiestis,8.63
2020-04-01,Vilnius,Naujamiestis,10.79
2020-10-01,Vilnius,Naujamiestis,8.84
2019-02-01,Vilnius,Naujamiestis,10.5
2020-08-01,Vilnius,Naujamiestis,9.61
2019-12-01,Vilnius,Naujamiestis,556.11
2018-01-01,Vilnius,Naujamiestis,8.52
2019-04-01,Vilnius,Naujamiestis,8.49
2019-08-01,Vilnius,Naujamiestis,9.07
2019-01-01,Vilnius,Naujamiestis,9.23
2020-02-01,Vilnius,Naujamiestis,321.24
2017-11-01,Vilnius,Naujamiestis,8.37
2020-07-01,Vilnius,Naujamiestis,10.35
2018-04-01,Vilnius,Naujamiestis,9.25
2019-11-01,Vilnius,Naujamiestis,623.75
2020-01-01,Vilnius,Naujoji Vilnia,4.38
2020-05-01,Vilnius,Naujoji Vilnia,2.52
2020-12-01,Vilnius,Naujoji Vilnia,3.56
2019-12-01,Vilnius,Naujoji Vilnia,4.18
2019-08-01,Vilnius,Naujoji Vilnia,4.11
2020-11-01,Vilnius,Naujoji Vilnia,3.53
2020-10-01,Vilnius,Naujoji Vilnia,3.79
2019-09-01,Vilnius,Naujoji Vilnia,4.02
2017-12-01,Vilnius,Naujoji Vilnia,4.17
2018-02-01,Vilnius,Naujoji Vilnia,4.19
2020-02-01,Vilnius,Naujoji Vilnia,4.43
2019-11-01,Vilnius,Naujoji Vilnia,4.18
2019-07-01,Vilnius,Naujoji Vilnia,4.35
2019-10-01,Vilnius,Naujoji Vilnia,4.32
2018-01-01,Vilnius,Naujoji Vilnia,3.63
2018-03-01,Vilnius,Naujoji Vilnia,4.11
2020-04-01,Vilnius,Naujoji Vilnia,4.85
2020-12-01,Vilnius,Paneriai,2.25
2017-12-01,Vilnius,Pavilnys,8.88
2020-05-01,Vilnius,Pavilnys,9.98
2021-02-01,Vilnius,Pavilnys,13.65
2018-03-01,Vilnius,Pavilnys,11.55
2019-08-01,Vilnius,Pavilnys,6.47
2018-10-01,Vilnius,Pavilnys,6.99
2017-01-01,Vilnius,Pavilnys,5.12
2020-06-01,Vilnius,Pavilnys,9.89
2019-05-01,Vilnius,Pavilnys,6.91
2022-08-01,Vilnius,Pavilnys,11.15
2021-10-01,Vilnius,Pavilnys,10.04
2018-05-01,Vilnius,Pavilnys,7.97
2022-03-01,Vilnius,Pavilnys,9.99
2018-04-01,Vilnius,Pavilnys,7.58
2020-04-01,Vilnius,Pavilnys,11.18
2019-02-01,Vilnius,Pavilnys,9.25
2017-05-01,Vilnius,Pavilnys,7.12
2017-08-01,Vilnius,Pavilnys,6.33
2018-08-01,Vilnius,Pavilnys,6.74
2018-01-01,Vilnius,Pavilnys,8.34
2018-06-01,Vilnius,Pavilnys,6.77
2019-07-01,Vilnius,Pavilnys,9.31
2020-07-01,Vilnius,Pavilnys,8.1
2019-03-01,Vilnius,Pavilnys,8.86
2019-11-01,Vilnius,Pavilnys,9.01
2020-01-01,Vilnius,Pavilnys,8.62
2021-11-01,Vilnius,Pavilnys,10.25
2022-02-01,Vilnius,Pavilnys,9.95
2020-03-01,Vilnius,Pavilnys,10.7
2017-02-01,Vilnius,Pavilnys,4.89
2021-03-01,Vilnius,Pavilnys,12.4
2020-11-01,Vilnius,Pavilnys,9.49
2018-09-01,Vilnius,Pavilnys,6.53
2019-09-01,Vilnius,Pavilnys,8.27
2020-02-01,Vilnius,Pavilnys,10.24
2022-07-01,Vilnius,Pavilnys,11.96
2020-08-01,Vilnius,Pavilnys,7.61
2022-04-01,Vilnius,Pavilnys,10.56
2018-02-01,Vilnius,Pavilnys,8.39
2018-11-01,Vilnius,Pavilnys,6.72
2021-01-01,Vilnius,Pavilnys,13.06
2021-08-01,Vilnius,Pavilnys,7.22
2018-07-01,Vilnius,Pavilnys,6.49
2019-10-01,Vilnius,Pavilnys,8.66
2020-09-01,Vilnius,Pavilnys,8.51
2019-01-01,Vilnius,Pavilnys,8.78
2020-12-01,Vilnius,Pavilnys,13.33
2019-04-01,Vilnius,Pavilnys,7.27
2017-11-01,Vilnius,Pavilnys,9.47
2018-12-01,Vilnius,Pavilnys,7.93
2020-10-01,Vilnius,Pavilnys,8.8
2021-09-01,Vilnius,Pavilnys,7.53
2022-01-01,Vilnius,Pavilnys,9.75
2019-12-01,Vilnius,Pavilnys,9.12
2019-06-01,Vilnius,Pavilnys,10.16
2017-12-01,Vilnius,Pilaitė,3.08
2018-03-01,Vilnius,Pilaitė,4.31
2019-12-01,Vilnius,Pilaitė,4.8
2019-02-01,Vilnius,Pilaitė,7.38
2018-01-01,Vilnius,Pilaitė,4.11
2019-08-01,Vilnius,Pilaitė,4.91
2020-05-01,Vilnius,Pilaitė,6.75
2019-06-01,Vilnius,Pilaitė,8.32
2018-07-01,Vilnius,Pilaitė,3.9
2018-10-01,Vilnius,Pilaitė,7.82
2019-11-01,Vilnius,Pilaitė,4.45
2018-02-01,Vilnius,Pilaitė,4.48
2018-05-01,Vilnius,Pilaitė,4.2
2018-06-01,Vilnius,Pilaitė,3.86
2019-01-01,Vilnius,Pilaitė,6.59
2019-03-01,Vilnius,Pilaitė,7.38
2019-10-01,Vilnius,Pilaitė,4.32
2018-12-01,Vilnius,Pilaitė,6.95
2019-07-01,Vilnius,Pilaitė,6.93
2019-04-01,Vilnius,Pilaitė,10.69
2018-08-01,Vilnius,Pilaitė,5.7
2019-05-01,Vilnius,Pilaitė,193.05
2020-01-01,Vilnius,Pilaitė,4.65
2019-09-01,Vilnius,Pilaitė,4.13
2018-04-01,Vilnius,Pilaitė,4.16
2018-09-01,Vilnius,Pilaitė,7.47
2020-09-01,Vilnius,Pašilaičiai,6.45
2019-10-01,Vilnius,Pašilaičiai,8.99
2020-06-01,Vilnius,Pašilaičiai,6.45
2020-08-01,Vilnius,Pašilaičiai,6.45
2018-09-01,Vilnius,Pašilaičiai,9.09
2018-08-01,Vilnius,Pašilaičiai,9.64
2019-09-01,Vilnius,Pašilaičiai,8.99
2018-02-01,Vilnius,Pašilaičiai,4.87
2021-03-01,Vilnius,Pašilaičiai,8.69
2020-12-01,Vilnius,Pašilaičiai,8.14
2020-01-01,Vilnius,Pašilaičiai,6.03
2021-02-01,Vilnius,Pašilaičiai,9.76
2021-01-01,Vilnius,Pašilaičiai,10.21
2020-07-01,Vilnius,Pašilaičiai,6.45
2019-06-01,Vilnius,Pašilaičiai,8.93
2020-10-01,Vilnius,Pašilaičiai,6.45
2020-11-01,Vilnius,Pašilaičiai,6.45
2018-04-01,Vilnius,Bajorai,4.76
2019-02-01,Vilnius,Bajorai,10.09
2018-01-01,Vilnius,Bajorai,5.07
2017-10-01,Vilnius,Bajorai,4.89
2018-05-01,Vilnius,Bajorai,5.24
2018-09-01,Vilnius,Bajorai,7.84
2019-01-01,Vilnius,Bajorai,9.67
2018-03-01,Vilnius,Bajorai,4.54
2017-12-01,Vilnius,Bajorai,5.49
2018-06-01,Vilnius,Bajorai,5.62
2018-07-01,Vilnius,Bajorai,6.5
2018-11-01,Vilnius,Bajorai,5.12
2017-05-01,Vilnius,Bajorai,5.8
2018-10-01,Vilnius,Bajorai,5.97
2017-11-01,Vilnius,Bajorai,5.39
2018-02-01,Vilnius,Bajorai,4.28
2019-10-01,Vilnius,Antavilis,3.58
2019-08-01,Vilnius,Antavilis,3.52
2019-11-01,Vilnius,Antavilis,3.98
2020-01-01,Vilnius,Antavilis,8.19
2020-03-01,Vilnius,Antavilis,8.75
2019-09-01,Vilnius,Antavilis,3.52
2020-02-01,Vilnius,Antavilis,8.75
2019-12-01,Vilnius,Antavilis,6.12
2017-12-01,Vilnius,Antakalnis,7.4
2019-06-01,Vilnius,Antakalnis,7.62
2019-10-01,Vilnius,Antakalnis,6.79
2021-01-01,Vilnius,Antakalnis,6.49
2018-11-01,Vilnius,Antakalnis,6.31
2019-09-01,Vilnius,Antakalnis,6.85
2022-07-01,Vilnius,Antakalnis,11.73
2018-09-01,Vilnius,Antakalnis,6.62
2022-04-01,Vilnius,Antakalnis,11.14
2021-12-01,Vilnius,Antakalnis,10.38
2017-06-01,Vilnius,Antakalnis,6.12
2018-02-01,Vilnius,Antakalnis,6.86
2020-01-01,Vilnius,Antakalnis,6.59
2021-02-01,Vilnius,Antakalnis,6.41
2017-10-01,Vilnius,Antakalnis,8.28
2018-08-01,Vilnius,Antakalnis,6.18
2017-09-01,Vilnius,Antakalnis,7.78
2019-03-01,Vilnius,Antakalnis,7.11
2019-12-01,Vilnius,Antakalnis,6.31
2022-02-01,Vilnius,Antakalnis,11.63
2022-05-01,Vilnius,Antakalnis,10.73
2022-06-01,Vilnius,Antakalnis,11.35
2020-11-01,Vilnius,Antakalnis,6.19
2021-10-01,Vilnius,Antakalnis,8.67
2021-09-01,Vilnius,Antakalnis,9.23
2021-07-01,Vilnius,Antakalnis,9.1
2017-02-01,Vilnius,Antakalnis,6.48
2020-04-01,Vilnius,Antakalnis,6.8
2020-12-01,Vilnius,Antakalnis,6.62
2017-11-01,Vilnius,Antakalnis,8.18
2018-12-01,Vilnius,Antakalnis,10.54
2018-04-01,Vilnius,Antakalnis,5.55
2018-05-01,Vilnius,Antakalnis,6.16
2020-05-01,Vilnius,Antakalnis,7.06
2018-10-01,Vilnius,Antakalnis,6.7
2017-08-01,Vilnius,Antakalnis,7.84
2019-11-01,Vilnius,Antakalnis,6.25
2020-06-01,Vilnius,Antakalnis,7.48
2020-07-01,Vilnius,Antakalnis,7.58
2019-08-01,Vilnius,Antakalnis,9.79
2020-02-01,Vilnius,Antakalnis,6.9
2022-01-01,Vilnius,Antakalnis,10.13
2017-03-01,Vilnius,Antakalnis,6.09
2017-07-01,Vilnius,Antakalnis,7.23
2017-05-01,Vilnius,Antakalnis,5.71
2018-03-01,Vilnius,Antakalnis,5.53
2022-08-01,Vilnius,Antakalnis,12.92
2019-04-01,Vilnius,Antakalnis,7.12
2018-01-01,Vilnius,Antakalnis,7.36
2019-01-01,Vilnius,Antakalnis,6.39
2021-06-01,Vilnius,Antakalnis,8.88
2022-03-01,Vilnius,Antakalnis,11.97
2017-04-01,Vilnius,Antakalnis,5.28
2019-05-01,Vilnius,Antakalnis,7.69
2021-05-01,Vilnius,Antakalnis,6.76
2020-03-01,Vilnius,Antakalnis,7.18
2018-07-01,Vilnius,Antakalnis,5.96
2021-04-01,Vilnius,Antakalnis,7.22
2019-02-01,Vilnius,Antakalnis,6.56
2019-07-01,Vilnius,Antakalnis,6.68
2020-08-01,Vilnius,Antakalnis,7.56
2021-08-01,Vilnius,Antakalnis,10.15
2021-11-01,Vilnius,Antakalnis,9.61
2018-06-01,Vilnius,Antakalnis,6.66
2020-10-01,Vilnius,Antakalnis,6.34
2021-03-01,Vilnius,Antakalnis,6.35
2021-01-01,Vilnius,Aukštieji Paneriai,4.29
2018-09-01,Vilnius,Aukštieji Paneriai,5.58
2021-02-01,Vilnius,Aukštieji Paneriai,3.41
2018-08-01,Vilnius,Aukštieji Paneriai,4.25
2021-03-01,Vilnius,Aukštieji Paneriai,3.16
2018-06-01,Vilnius,Aukštieji Paneriai,7.0
2018-07-01,Vilnius,Aukštieji Paneriai,3.91
2020-12-01,Vilnius,Aukštieji Paneriai,4.46
2018-03-01,Vilnius,Lazdynai,5.46
2018-08-01,Vilnius,Lazdynai,4.77
2021-01-01,Vilnius,Lazdynai,6.36
2018-09-01,Vilnius,Lazdynai,4.71
2018-11-01,Vilnius,Lazdynai,5.18
2020-08-01,Vilnius,Lazdynai,8.64
2018-05-01,Vilnius,Lazdynai,5.75
2021-03-01,Vilnius,Lazdynai,6.36
2018-04-01,Vilnius,Lazdynai,5.75
2020-03-01,Vilnius,Lazdynai,6.37
2018-10-01,Vilnius,Lazdynai,4.72
2017-12-01,Vilnius,Lazdynai,4.61
2018-02-01,Vilnius,Lazdynai,4.95
2019-11-01,Vilnius,Lazdynai,5.57
2020-12-01,Vilnius,Lazdynai,6.36
2018-01-01,Vilnius,Lazdynai,4.57
2021-02-01,Vilnius,Lazdynai,6.36
2018-07-01,Vilnius,Lazdynai,5.18
2018-12-01,Vilnius,Lazdynai,5.29
2021-09-01,Vilnius,Kalnėnai,10.92
2020-05-01,Vilnius,Kalnėnai,9.1
2021-03-01,Vilnius,Kalnėnai,12.02
2020-09-01,Vilnius,Kalnėnai,9.76
2020-12-01,Vilnius,Kalnėnai,9.91
2020-11-01,Vilnius,Kalnėnai,9.34
2020-04-01,Vilnius,Kalnėnai,9.23
2020-08-01,Vilnius,Kalnėnai,9.56
2020-01-01,Vilnius,Kalnėnai,9.24
2022-06-01,Vilnius,Kalnėnai,15.0
2020-10-01,Vilnius,Kalnėnai,8.72
2020-06-01,Vilnius,Kalnėnai,9.67
2021-02-01,Vilnius,Kalnėnai,12.31
2020-03-01,Vilnius,Kalnėnai,10.21
2020-07-01,Vilnius,Kalnėnai,9.71
2021-01-01,Vilnius,Kalnėnai,9.84
2022-02-01,Vilnius,Kalnėnai,12.04
2020-02-01,Vilnius,Kalnėnai,9.67
2020-09-01,Vilnius,Liepkalnis,8.56
2019-05-01,Vilnius,Liepkalnis,5.39
2018-01-01,Vilnius,Liepkalnis,5.19
2020-10-01,Vilnius,Liepkalnis,9.29
2018-06-01,Vilnius,Liepkalnis,4.3
2019-02-01,Vilnius,Liepkalnis,4.44
2020-05-01,Vilnius,Liepkalnis,4.75
2020-01-01,Vilnius,Liepkalnis,5.72
2018-02-01,Vilnius,Liepkalnis,4.81
2018-07-01,Vilnius,Liepkalnis,6.52
2019-06-01,Vilnius,Liepkalnis,4.63
2020-05-01,Vilnius,Markučiai,8.47
2017-12-01,Vilnius,Markučiai,4.12
2020-12-01,Vilnius,Markučiai,7.09
2017-09-01,Vilnius,Lazdynėliai,5.81
2018-08-01,Vilnius,Lazdynėliai,5.36
2018-05-01,Vilnius,Lazdynėliai,6.17
2019-01-01,Vilnius,Lazdynėliai,6.22
2019-06-01,Vilnius,Lazdynėliai,6.65
2019-11-01,Vilnius,Lazdynėliai,6.58
2020-12-01,Vilnius,Lazdynėliai,6.03
2017-07-01,Vilnius,Lazdynėliai,6.34
2020-07-01,Vilnius,Lazdynėliai,5.58
2019-12-01,Vilnius,Lazdynėliai,6.19
2017-05-01,Vilnius,Lazdynėliai,6.39
2020-08-01,Vilnius,Lazdynėliai,6.43
2018-12-01,Vilnius,Lazdynėliai,5.82
2017-12-01,Vilnius,Lazdynėliai,5.54
2020-09-01,Vilnius,Lazdynėliai,6.84
2018-03-01,Vilnius,Lazdynėliai,5.95
2021-02-01,Vilnius,Lazdynėliai,6.01
2019-08-01,Vilnius,Lazdynėliai,6.75
2018-02-01,Vilnius,Lazdynėliai,5.65
2020-10-01,Vilnius,Lazdynėliai,6.04
2017-01-01,Vilnius,Lazdynėliai,7.79
2018-07-01,Vilnius,Lazdynėliai,6.63
2017-04-01,Vilnius,Lazdynėliai,5.79
2020-03-01,Vilnius,Lazdynėliai,5.97
2020-05-01,Vilnius,Lazdynėliai,5.34
2017-08-01,Vilnius,Lazdynėliai,5.85
2018-01-01,Vilnius,Lazdynėliai,5.47
2020-02-01,Vilnius,Lazdynėliai,6.01
2018-10-01,Vilnius,Lazdynėliai,4.45
2021-03-01,Vilnius,Lazdynėliai,6.28
2019-07-01,Vilnius,Lazdynėliai,6.86
2019-10-01,Vilnius,Lazdynėliai,6.25
2017-11-01,Vilnius,Lazdynėliai,6.11
2018-04-01,Vilnius,Lazdynėliai,6.19
2019-02-01,Vilnius,Lazdynėliai,5.86
2020-11-01,Vilnius,Lazdynėliai,5.93
2017-03-01,Vilnius,Lazdynėliai,7.19
2018-09-01,Vilnius,Lazdynėliai,4.59
2019-09-01,Vilnius,Lazdynėliai,6.34
2017-02-01,Vilnius,Lazdynėliai,7.68
2017-10-01,Vilnius,Lazdynėliai,5.98
2017-06-01,Vilnius,Lazdynėliai,6.46
2018-06-01,Vilnius,Lazdynėliai,6.28
2018-08-01,Vilnius,Tarandė,6.63
2019-05-01,Vilnius,Tarandė,7.97
2019-04-01,Vilnius,Tarandė,7.81
2018-06-01,Vilnius,Tarandė,7.23
2020-04-01,Vilnius,Tarandė,7.84
2020-01-01,Vilnius,Tarandė,7.44
2018-10-01,Vilnius,Tarandė,8.65
2018-07-01,Vilnius,Tarandė,6.29
2018-12-01,Vilnius,Tarandė,8.99
2018-11-01,Vilnius,Tarandė,8.95
2020-02-01,Vilnius,Tarandė,7.86
2017-02-01,Vilnius,Tarandė,7.09
2019-09-01,Vilnius,Tarandė,7.08
2019-02-01,Vilnius,Tarandė,8.1
2019-11-01,Vilnius,Tarandė,7.3
2018-05-01,Vilnius,Tarandė,7.45
2017-03-01,Vilnius,Tarandė,6.48
2019-06-01,Vilnius,Tarandė,7.32
2018-09-01,Vilnius,Tarandė,6.35
2019-03-01,Vilnius,Tarandė,8.22
2019-10-01,Vilnius,Tarandė,7.33
2020-05-01,Vilnius,Tarandė,7.2
2019-01-01,Vilnius,Tarandė,7.87
2020-06-01,Vilnius,Tarandė,6.79
2018-02-01,Vilnius,Tarandė,5.93
2018-04-01,Vilnius,Tarandė,6.66
2019-12-01,Vilnius,Tarandė,7.34
2018-04-01,Vilnius,Šeškinė,4.73
2018-03-01,Vilnius,Šeškinė,4.67
2018-01-01,Vilnius,Šeškinė,2.23
2018-11-01,Vilnius,Šeškinė,6.59
2018-02-01,Vilnius,Šeškinė,2.24
2018-05-01,Vilnius,Šeškinė,4.99
2019-04-01,Vilnius,Senamiestis,9.71
2020-09-01,Vilnius,Senamiestis,10.7
2019-12-01,Vilnius,Senamiestis,7.43
2018-08-01,Vilnius,Senamiestis,12.32
2019-06-01,Vilnius,Senamiestis,7.08
2020-04-01,Vilnius,Senamiestis,11.82
2018-11-01,Vilnius,Senamiestis,12.36
2020-12-01,Vilnius,Senamiestis,13.15
2019-01-01,Vilnius,Senamiestis,9.79
2020-03-01,Vilnius,Senamiestis,10.52
2019-07-01,Vilnius,Senamiestis,15.24
2020-05-01,Vilnius,Senamiestis,11.2
2018-12-01,Vilnius,Senamiestis,12.08
2019-02-01,Vilnius,Senamiestis,9.75
2020-07-01,Vilnius,Senamiestis,12.3
2018-06-01,Vilnius,Senamiestis,11.39
2018-10-01,Vilnius,Senamiestis,12.32
2018-09-01,Vilnius,Senamiestis,12.32
2019-05-01,Vilnius,Senamiestis,8.82
2018-04-01,Vilnius,Senamiestis,11.71
2020-01-01,Vilnius,Senamiestis,10.23
2020-02-01,Vilnius,Senamiestis,10.88
2018-05-01,Vilnius,Senamiestis,11.52
2020-06-01,Vilnius,Senamiestis,11.49
2019-03-01,Vilnius,Senamiestis,9.61
2021-02-01,Vilnius,Senamiestis,15.54
2020-11-01,Vilnius,Senamiestis,11.78
2018-07-01,Vilnius,Senamiestis,12.32
2021-01-01,Vilnius,Senamiestis,14.28
2020-10-01,Vilnius,Senamiestis,9.01
2021-03-01,Vilnius,Senamiestis,16.16
2017-12-01,Vilnius,Šnipiškės,3.72
2020-02-01,Vilnius,Šnipiškės,6.91
2019-07-01,Vilnius,Šnipiškės,6.13
2020-04-01,Vilnius,Šnipiškės,7.95
2019-12-01,Vilnius,Šnipiškės,7.74
2019-03-01,Vilnius,Šnipiškės,8.13
2018-01-01,Vilnius,Šnipiškės,3.48
2020-05-01,Vilnius,Šnipiškės,7.48
2018-10-01,Vilnius,Šnipiškės,6.91
2020-10-01,Vilnius,Šnipiškės,7.71
2021-01-01,Vilnius,Šnipiškės,7.29
2018-06-01,Vilnius,Šnipiškės,5.6
2019-10-01,Vilnius,Šnipiškės,7.48
2019-08-01,Vilnius,Šnipiškės,6.23
2021-02-01,Vilnius,Šnipiškės,7.47
2018-12-01,Vilnius,Šnipiškės,7.21
2019-11-01,Vilnius,Šnipiškės,7.43
2020-01-01,Vilnius,Šnipiškės,7.14
2020-12-01,Vilnius,Šnipiškės,6.14
2018-11-01,Vilnius,Šnipiškės,6.62
2019-04-01,Vilnius,Šnipiškės,7.95
2019-05-01,Vilnius,Šnipiškės,8.02
2018-02-01,Vilnius,Šnipiškės,3.67
2019-01-01,Vilnius,Šnipiškės,7.66
2021-03-01,Vilnius,Šnipiškės,7.37
2020-03-01,Vilnius,Šnipiškės,7.31
2020-06-01,Vilnius,Šnipiškės,7.04
2019-06-01,Vilnius,Šnipiškės,7.42
2020-11-01,Vilnius,Šnipiškės,6.49
2019-02-01,Vilnius,Šnipiškės,8.12
2018-07-01,Vilnius,Šnipiškės,5.72
2019-09-01,Vilnius,Šnipiškės,7.95
2017-12-01,Vilnius,Gudeliai,4.34
2018-01-01,Vilnius,Gudeliai,4.49
2018-02-01,Vilnius,Gudeliai,4.61
2020-08-01,Vilnius,Jeruzalė,5.69
2019-09-01,Vilnius,Jeruzalė,5.69
2020-02-01,Vilnius,Jeruzalė,5.19
2018-02-01,Vilnius,Jeruzalė,4.11
2018-11-01,Vilnius,Jeruzalė,6.69
2021-01-01,Vilnius,Jeruzalė,5.63
2020-06-01,Vilnius,Jeruzalė,5.88
2019-10-01,Vilnius,Jeruzalė,5.32
2020-09-01,Vilnius,Jeruzalė,5.88
2018-10-01,Vilnius,Jeruzalė,6.15
2020-11-01,Vilnius,Jeruzalė,5.28
2019-05-01,Vilnius,Jeruzalė,5.19
2020-01-01,Vilnius,Jeruzalė,5.55
2020-05-01,Vilnius,Jeruzalė,4.45
2021-02-01,Vilnius,Jeruzalė,5.91
2019-01-01,Vilnius,Jeruzalė,4.66
2020-12-01,Vilnius,Jeruzalė,5.27
2018-07-01,Vilnius,Jeruzalė,4.09
2020-03-01,Vilnius,Jeruzalė,5.04
2018-12-01,Vilnius,Jeruzalė,5.03
2018-04-01,Vilnius,Jeruzalė,4.19
2020-04-01,Vilnius,Jeruzalė,4.45
2019-12-01,Vilnius,Jeruzalė,5.07
2019-06-01,Vilnius,Jeruzalė,5.11
2020-10-01,Vilnius,Jeruzalė,6.2
2019-11-01,Vilnius,Jeruzalė,5.02
2018-05-01,Vilnius,Jeruzalė,3.97
2019-04-01,Vilnius,Jeruzalė,5.21
2018-03-01,Vilnius,Jeruzalė,3.93
2018-01-01,Vilnius,Jeruzalė,4.36
2018-06-01,Vilnius,Jeruzalė,3.69
2019-07-01,Vilnius,Jeruzalė,5.42
2020-07-01,Vilnius,Jeruzalė,5.77
2020-10-01,Vilnius,Kairėnai,4.91
2020-07-01,Vilnius,Kairėnai,3.8
2020-11-01,Vilnius,Kairėnai,4.64
2019-03-01,Vilnius,Kalnėnai,8.88
2019-02-01,Vilnius,Kalnėnai,8.63
2019-12-01,Vilnius,Kalnėnai,7.09
2019-11-01,Vilnius,Kalnėnai,7.49
2018-12-01,Vilnius,Kalnėnai,9.26
2018-10-01,Vilnius,Kalnėnai,8.79
2019-05-01,Vilnius,Kalnėnai,9.72
2019-06-01,Vilnius,Kalnėnai,10.36
2018-02-01,Vilnius,Kalnėnai,5.66
2019-08-01,Vilnius,Kalnėnai,8.35
2019-07-01,Vilnius,Kalnėnai,8.83
2018-03-01,Vilnius,Kalnėnai,5.66
2018-11-01,Vilnius,Kalnėnai,9.14
2019-01-01,Vilnius,Kalnėnai,8.66
2018-09-01,Vilnius,Kalnėnai,9.35
2019-09-01,Vilnius,Kalnėnai,7.25
2018-01-01,Vilnius,Kalnėnai,6.71
2018-08-01,Vilnius,Kalnėnai,8.66
2019-04-01,Vilnius,Kalnėnai,8.59
2017-12-01,Vilnius,Kalnėnai,7.01
2019-10-01,Vilnius,Kalnėnai,7.65
2018-05-01,Vilnius,Kalnėnai,10.91
2018-07-01,Vilnius,Kalnėnai,9.15
2020-03-01,Vilnius,Grigiškės,4.63
2017-12-01,Vilnius,Grigiškės,2.96
2018-06-01,Vilnius,Grigiškės,7.52
2021-03-01,Vilnius,Grigiškės,5.15
2020-11-01,Vilnius,Grigiškės,7.29
2020-04-01,Vilnius,Grigiškės,4.37
2020-12-01,Vilnius,Grigiškės,7.3
2018-07-01,Vilnius,Grigiškės,6.37
2020-06-01,Vilnius,Gineitiškės,7.36
2019-10-01,Vilnius,Gineitiškės,5.5
2020-05-01,Vilnius,Gineitiškės,6.89
2020-09-01,Vilnius,Gineitiškės,7.34
2019-12-01,Vilnius,Gineitiškės,5.5
2020-11-01,Vilnius,Gineitiškės,7.17
2020-08-01,Vilnius,Gineitiškės,7.4
2020-07-01,Vilnius,Gineitiškės,7.39
2020-04-01,Vilnius,Gineitiškės,49.58
2020-12-01,Vilnius,Gineitiškės,7.07
2019-11-01,Vilnius,Gineitiškės,5.5
2019-09-01,Vilnius,Gineitiškės,5.5
2020-10-01,Vilnius,Gineitiškės,7.36
2020-04-01,Vilnius,Justiniškės,7.99
2020-05-01,Vilnius,Justiniškės,6.89
2018-08-01,Vilnius,Justiniškės,11.67
2018-06-01,Vilnius,Justiniškės,11.67
2018-07-01,Vilnius,Justiniškės,11.67
2019-07-01,Vilnius,Justiniškės,10.78
2019-08-01,Vilnius,Justiniškės,10.8
2018-04-01,Vilnius,Justiniškės,5.77
2019-06-01,Vilnius,Justiniškės,8.85
2019-09-01,Vilnius,Justiniškės,10.0
2018-01-01,Klaipėda,Kaunas,6.12
2018-04-01,Klaipėda,Kaunas,4.63
2017-12-01,Klaipėda,Kaunas,6.12
2018-02-01,Klaipėda,Kaunas,6.12
2018-03-01,Klaipėda,Kaunas,5.73
2019-04-01,Klaipėda,Baltija,6.59
2019-05-01,Klaipėda,Baltija,3.08
2019-03-01,Klaipėda,Baltija,11.9
2019-02-01,Klaipėda,Baltija,14.6
2020-08-01,Klaipėda,Centras,6.5
2019-04-01,Klaipėda,Centras,5.2
2019-11-01,Klaipėda,Centras,8.75
2019-05-01,Klaipėda,Centras,5.73
2020-12-01,Klaipėda,Centras,9.09
2019-08-01,Klaipėda,Centras,5.82
2020-01-01,Klaipėda,Giruliai,8.3
2021-02-01,Klaipėda,Giruliai,10.0
2019-05-01,Klaipėda,Giruliai,7.27
2020-03-01,Klaipėda,Giruliai,9.15
2018-10-01,Klaipėda,Giruliai,5.45
2019-09-01,Klaipėda,Giruliai,8.95
2020-11-01,Klaipėda,Giruliai,9.25
2020-02-01,Klaipėda,Giruliai,8.83
2018-11-01,Klaipėda,Giruliai,5.7
2019-04-01,Klaipėda,Giruliai,7.29
2018-12-01,Klaipėda,Giruliai,5.76
2018-01-01,Klaipėda,Giruliai,7.17
2019-11-01,Klaipėda,Giruliai,8.44
2018-05-01,Klaipėda,Giruliai,6.33
2020-10-01,Klaipėda,Giruliai,9.57
2018-09-01,Klaipėda,Giruliai,5.79
2019-12-01,Klaipėda,Giruliai,8.2
2020-09-01,Klaipėda,Giruliai,10.0
2019-01-01,Klaipėda,Giruliai,5.71
2017-12-01,Klaipėda,Giruliai,7.17
2020-04-01,Klaipėda,Giruliai,8.8
2020-12-01,Klaipėda,Giruliai,9.7
2019-10-01,Klaipėda,Giruliai,10.49
2021-01-01,Klaipėda,Giruliai,8.8
2017-05-01,Klaipėda,Melnragė,7.21
2019-01-01,Klaipėda,Melnragė,6.06
2018-05-01,Klaipėda,Melnragė,7.95
2018-03-01,Klaipėda,Melnragė,5.86
2019-02-01,Klaipėda,Melnragė,4.66
2017-11-01,Klaipėda,Melnragė,7.05
2018-12-01,Klaipėda,Melnragė,6.66
2018-08-01,Klaipėda,Melnragė,9.44
2018-04-01,Klaipėda,Melnragė,4.96
2018-09-01,Klaipėda,Melnragė,4.39
2017-04-01,Klaipėda,Melnragė,6.8
2017-12-01,Klaipėda,Melnragė,7.57
2018-07-01,Klaipėda,Melnragė,6.81
2018-11-01,Klaipėda,Melnragė,5.91
2018-10-01,Klaipėda,Melnragė,4.81
2017-03-01,Klaipėda,Melnragė,6.93
2018-01-01,Klaipėda,Melnragė,6.97
2018-06-01,Klaipėda,Melnragė,8.72
2017-06-01,Klaipėda,Melnragė,7.53
2018-02-01,Klaipėda,Melnragė,6.97
2021-03-01,Klaipėda,Labrenciškės,3.93
2019-01-01,Klaipėda,Labrenciškės,5.01
2019-06-01,Klaipėda,Mažasis kaimelis,4.33
2018-11-01,Klaipėda,Mažasis kaimelis,4.99
2019-02-01,Klaipėda,Mažasis kaimelis,4.21
2018-05-01,Klaipėda,Mažasis kaimelis,2.29
2020-06-01,Klaipėda,Mažasis kaimelis,4.91
2018-10-01,Klaipėda,Mažasis kaimelis,5.81
2019-01-01,Klaipėda,Mažasis kaimelis,4.3
2019-04-01,Klaipėda,Mažasis kaimelis,4.09
2019-10-01,Klaipėda,Mažasis kaimelis,4.25
2018-03-01,Klaipėda,Mažasis kaimelis,3.43
2019-05-01,Klaipėda,Mažasis kaimelis,4.19
2018-01-01,Klaipėda,Mažasis kaimelis,5.57
2020-12-01,Klaipėda,Mažasis kaimelis,5.43
2020-08-01,Klaipėda,Mažasis kaimelis,4.25
2020-10-01,Klaipėda,Mažasis kaimelis,4.81
2020-07-01,Klaipėda,Mažasis kaimelis,4.58
2018-02-01,Klaipėda,Mažasis kaimelis,5.24
2020-09-01,Klaipėda,Mažasis kaimelis,4.55
2020-11-01,Klaipėda,Mažasis kaimelis,3.81
2019-11-01,Klaipėda,Mažasis kaimelis,5.19
2018-09-01,Klaipėda,Mažasis kaimelis,6.41
2018-04-01,Klaipėda,Mažasis kaimelis,3.11
2021-03-01,Klaipėda,Mažasis kaimelis,4.94
2017-12-01,Klaipėda,Mažasis kaimelis,5.02
2020-02-01,Klaipėda,Mažasis kaimelis,5.37
2018-08-01,Klaipėda,Mažasis kaimelis,6.61
2021-01-01,Klaipėda,Mažasis kaimelis,6.1
2018-08-01,Klaipėda,Trekas,4.26
2019-10-01,Klaipėda,Trekas,4.16
2020-10-01,Klaipėda,Trekas,6.03
2018-04-01,Klaipėda,Trekas,4.42
2018-03-01,Klaipėda,Trekas,4.17
2021-01-01,Klaipėda,Trekas,4.33
2018-12-01,Klaipėda,Trekas,4.66
2018-07-01,Klaipėda,Trekas,4.41
2020-07-01,Klaipėda,Trekas,6.56
2019-11-01,Klaipėda,Trekas,4.68
2020-04-01,Klaipėda,Trekas,4.12
2020-09-01,Klaipėda,Trekas,6.03
2019-01-01,Klaipėda,Trekas,4.5
2018-01-01,Klaipėda,Trekas,4.22
2018-10-01,Klaipėda,Trekas,4.3
2017-12-01,Klaipėda,Trekas,5.14
2018-05-01,Klaipėda,Trekas,4.41
2019-12-01,Klaipėda,Trekas,5.14
2018-11-01,Klaipėda,Trekas,4.58
2021-02-01,Klaipėda,Trekas,4.12
2018-09-01,Klaipėda,Trekas,4.28
2020-05-01,Klaipėda,Trekas,6.22
2018-02-01,Klaipėda,Trekas,4.17
2020-03-01,Klaipėda,Trekas,4.12
2019-09-01,Klaipėda,Trekas,3.75
2019-03-01,Klaipėda,Trekas,6.11
2020-06-01,Klaipėda,Trekas,7.06
2018-06-01,Klaipėda,Trekas,4.41
2020-12-01,Klaipėda,Vėtrungė,7.19
2021-01-01,Klaipėda,Vėtrungė,7.19
2018-01-01,Klaipėda,Vėtrungė,7.73
2021-02-01,Klaipėda,Vėtrungė,7.19
2020-09-01,Klaipėda,Tauralaukis,7.57
2020-11-01,Klaipėda,Tauralaukis,6.34
2019-09-01,Klaipėda,Tauralaukis,8.95
2021-01-01,Klaipėda,Tauralaukis,5.64
2019-07-01,Klaipėda,Tauralaukis,9.13
2020-10-01,Klaipėda,Tauralaukis,8.18
2018-09-01,Klaipėda,Tauralaukis,4.86
2020-08-01,Klaipėda,Tauralaukis,6.09
2019-06-01,Klaipėda,Tauralaukis,9.58
2020-12-01,Klaipėda,Tauralaukis,5.58
2019-01-01,Klaipėda,Tauralaukis,6.27
2020-04-01,Klaipėda,Tauralaukis,43.89
2019-02-01,Klaipėda,Tauralaukis,5.76
2020-03-01,Klaipėda,Tauralaukis,5.68
2019-12-01,Klaipėda,Tauralaukis,5.34
2018-11-01,Klaipėda,Tauralaukis,4.9
2019-05-01,Klaipėda,Tauralaukis,10.04
2019-08-01,Klaipėda,Tauralaukis,9.01
2021-02-01,Klaipėda,Tauralaukis,5.51
2020-07-01,Klaipėda,Tauralaukis,6.24
2018-10-01,Klaipėda,Tauralaukis,4.15
2019-12-01,Klaipėda,Miškas,3.56
2017-12-01,Klaipėda,Miškas,4.14
2018-11-01,Klaipėda,Miškas,6.1
2019-08-01,Klaipėda,Mokykla,4.56
2019-09-01,Klaipėda,Mokykla,5.15
2020-11-01,Klaipėda,Paupiai,3.2
2019-09-01,Klaipėda,Paupiai,4.11
2019-03-01,Klaipėda,Paupiai,4.17
2020-10-01,Klaipėda,Paupiai,3.2
2018-04-01,Klaipėda,Paupiai,3.6
2019-06-01,Klaipėda,Paupiai,3.8
2019-11-01,Klaipėda,Paupiai,4.24
2019-01-01,Klaipėda,Paupiai,4.52
2018-10-01,Klaipėda,Paupiai,3.6
2019-12-01,Klaipėda,Paupiai,3.61
2019-02-01,Klaipėda,Paupiai,4.29
2020-01-01,Klaipėda,Paupiai,3.43
2019-04-01,Klaipėda,Paupiai,4.17
2020-12-01,Klaipėda,Poilsis,6.36
2018-06-01,Klaipėda,Poilsis,4.78
2020-11-01,Klaipėda,Plytinė,6.88
2020-10-01,Klaipėda,Plytinė,6.88
2018-08-01,Klaipėda,Plytinė,5.92
2019-04-01,Klaipėda,Melnragė,5.46
2019-08-01,Klaipėda,Melnragė,4.68
2020-06-01,Klaipėda,Melnragė,7.02
2020-01-01,Klaipėda,Melnragė,6.96
2021-03-01,Klaipėda,Melnragė,7.36
2020-02-01,Klaipėda,Melnragė,6.32
2020-09-01,Klaipėda,Melnragė,3.51
2019-10-01,Klaipėda,Melnragė,5.95
2019-05-01,Klaipėda,Melnragė,5.97
2019-09-01,Klaipėda,Melnragė,4.99
2019-07-01,Klaipėda,Melnragė,4.64
2020-07-01,Klaipėda,Melnragė,3.96
2020-08-01,Klaipėda,Melnragė,3.84
2020-11-01,Klaipėda,Melnragė,3.54
2019-03-01,Klaipėda,Melnragė,6.52
2020-10-01,Klaipėda,Melnragė,4.35
2020-05-01,Klaipėda,Melnragė,7.75
2019-06-01,Klaipėda,Melnragė,4.75
2018-12-01,Klaipėda,Naujakiemis,3.0
2019-01-01,Klaipėda,Naujakiemis,2.71
2019-02-01,Klaipėda,Naujakiemis,2.71
2020-03-01,Klaipėda,Senamiestis,6.92
2019-08-01,Klaipėda,Senamiestis,6.91
2020-02-01,Klaipėda,Senamiestis,7.04
2019-11-01,Klaipėda,Senamiestis,11.11
2020-01-01,Klaipėda,Senamiestis,8.84
2019-02-01,Klaipėda,Senamiestis,9.13
2020-09-01,Klaipėda,Senamiestis,6.9
2019-09-01,Klaipėda,Senamiestis,9.75
2020-12-01,Klaipėda,Senamiestis,6.93
2019-10-01,Klaipėda,Senamiestis,11.11
2019-12-01,Klaipėda,Senamiestis,11.11
2018-06-01,Klaipėda,Tauralaukis,3.67
2018-08-01,Klaipėda,Tauralaukis,4.78
2018-03-01,Klaipėda,Tauralaukis,3.99
2018-02-01,Klaipėda,Tauralaukis,4.61
2017-12-01,Klaipėda,Tauralaukis,4.66
2018-07-01,Klaipėda,Tauralaukis,3.66
2018-01-01,Klaipėda,Tauralaukis,4.61
2018-10-01,Klaipėda,Sportininkai,4.91
2018-11-01,Klaipėda,Sportininkai,5.3
2020-09-01,Šiauliai,Pabaliai,3.74
2018-07-01,Šiauliai,Pabaliai,5.1
2020-10-01,Šiauliai,Pabaliai,3.98
2020-08-01,Šiauliai,Pabaliai,3.41
2019-09-01,Šiauliai,Medelynas,4.78
2019-10-01,Šiauliai,Medelynas,2.93
2018-07-01,Šiauliai,Medelynas,2.55
2019-05-01,Šiauliai,Medelynas,1.44
2018-05-01,Šiauliai,Medelynas,2.84
2018-06-01,Šiauliai,Medelynas,2.55
2018-10-01,Šiauliai,Medelynas,1.4
2021-02-01,Šiauliai,Medelynas,10.13
2020-06-01,Šiauliai,Medelynas,3.13
2018-08-01,Šiauliai,Medelynas,3.01
2018-11-01,Šiauliai,Medelynas,1.4
2021-01-01,Šiauliai,Medelynas,10.13
2019-08-01,Šiauliai,Medelynas,3.33
2020-07-01,Šiauliai,Medelynas,3.75
2020-12-01,Šiauliai,Medelynas,10.13
2019-06-01,Šiauliai,Žaliūkiai,6.52
2019-05-01,Šiauliai,Centras,4.04
2019-10-01,Šiauliai,Centras,4.29
2020-04-01,Šiauliai,Centras,6.18
2020-06-01,Šiauliai,Centras,5.47
2021-03-01,Šiauliai,Centras,5.49
2020-02-01,Šiauliai,Centras,7.0
2019-12-01,Šiauliai,Centras,63.26
2020-01-01,Šiauliai,Centras,6.29
2018-07-01,Šiauliai,Centras,3.0
2020-08-01,Šiauliai,Centras,3.0
2018-12-01,Šiauliai,Centras,2.88
2020-03-01,Šiauliai,Centras,7.31
2018-01-01,Šiauliai,Centras,3.03
2020-12-01,Šiauliai,Centras,6.97
2020-05-01,Šiauliai,Centras,5.05
2018-07-01,Šiauliai,Lieporiai,3.88
2019-07-01,Šiauliai,Lieporiai,423.42
2019-06-01,Šiauliai,Lieporiai,423.42
2018-04-01,Šiauliai,Medelynas,2.62
2020-03-01,Šiauliai,Bačiūnai,2.31
2019-11-01,Šiauliai,Bačiūnai,2.33
2021-03-01,Šiauliai,Bačiūnai,4.81
2019-07-01,Šiauliai,Bačiūnai,3.27
2019-08-01,Šiauliai,Bačiūnai,3.33
2019-12-01,Šiauliai,Bačiūnai,2.27
2019-10-01,Šiauliai,Bačiūnai,2.46
2020-02-01,Šiauliai,Bačiūnai,2.27
2020-08-01,Šiauliai,Bačiūnai,4.79
2020-04-01,Šiauliai,Bačiūnai,5.49
2021-02-01,Šiauliai,Bačiūnai,4.81
2018-04-01,Panevėžys,Centras,6.15
2018-03-01,Panevėžys,Centras,5.2
2020-03-01,Panevėžys,Centras,3.65
2021-03-01,Panevėžys,Centras,3.44
2021-02-01,Panevėžys,Centras,3.44
2018-11-01,Panevėžys,Centras,3.83
2020-11-01,Panevėžys,Centras,3.72
2020-10-01,Panevėžys,Centras,3.75
2018-09-01,Panevėžys,Centras,4.29
2018-07-01,Panevėžys,Centras,5.45
2019-02-01,Panevėžys,Centras,4.01
2019-01-01,Panevėžys,Centras,4.45
2018-02-01,Panevėžys,Centras,4.44
2020-12-01,Panevėžys,Centras,3.66
2018-01-01,Panevėžys,Centras,4.56
2019-12-01,Panevėžys,Centras,3.32
2018-08-01,Panevėžys,Centras,4.67
2018-06-01,Panevėžys,Centras,5.45
2020-01-01,Panevėžys,Centras,3.3
2018-10-01,Panevėžys,Centras,3.95
2017-12-01,Panevėžys,Centras,4.92
2020-11-01,Panevėžys,Rožės,3.85
2019-07-01,Panevėžys,Rožės,3.92
2019-11-01,Panevėžys,Rožės,3.02
2019-12-01,Panevėžys,Rožės,3.53
2019-10-01,Panevėžys,Rožės,3.85
2019-09-01,Panevėžys,Rožės,3.93
2020-10-01,Panevėžys,Rožės,3.85
2020-03-01,Kaunas,Palemonas,4.0
2020-11-01,Kaunas,Panemunė,4.0
2020-04-01,Kaunas,Petrašiūnai,4.0
2019-11-01,Kaunas,Amaliai,4.0
2019-12-01,Kaunas,Amaliai,4.0
2018-12-01,Kaunas,Aleksotas,4.0
2018-03-01,Kaunas,Aukštieji Šančiai,4.0
2018-07-01,Kaunas,Dainava,4.0
2018-06-01,Kaunas,Dainava,4.0
2019-03-01,Vilnius,Trakų Vokė,4.0
2019-05-01,Vilnius,Pašilaičiai,4.0
2018-07-01,Klaipėda,Mažasis kaimelis,4.0
2021-01-01,Klaipėda,Poilsis,4.0
2019-06-01,Šiauliai,Centras,4.0
2019-11-01,Šiauliai,Centras,4.0
2019-09-01,Šiauliai,Centras,4.0
2019-08-01,Šiauliai,Centras,4.0
2019-07-01,Šiauliai,Centras,4.0
2018-05-01,Šiauliai,Gubernija,4.0
2020-05-01,Šiauliai,Gubernija,4.0
2018-04-01,Šiauliai,Gubernija,4.0
2018-12-01,Šiauliai,Gubernija,4.0
2019-04-01,Šiauliai,Bačiūnai,4.0
2019-05-01,Šiauliai,Bačiūnai,4.0
2019-03-01,Kaunas,Žemieji Šančiai,5.0
2019-02-01,Kaunas,Žemieji Šančiai,5.0
2019-11-01,Kaunas,Eiguliai,5.0
2021-01-01,Vilnius,Pilaitė,5.0
2017-12-01,Vilnius,Salininkai,5.0
2019-04-01,Vilnius,Santariškės,5.0
2019-03-01,Vilnius,Santariškės,5.0
2019-01-01,Vilnius,Baltupiai,5.0
2020-05-01,Vilnius,Pagiriai,5.0
2018-05-01,Vilnius,Šnipiškės,5.0
2018-08-01,Vilnius,Jeruzalė,5.0
2019-02-01,Vilnius,Jeruzalė,5.0
2019-03-01,Vilnius,Jeruzalė,5.0
2018-09-01,Vilnius,Jeruzalė,5.0
2019-03-01,Klaipėda,Labrenciškės,5.0
2019-04-01,Klaipėda,Labrenciškės,5.0
2019-02-01,Klaipėda,Labrenciškės,5.0
2019-08-01,Klaipėda,Labrenciškės,5.0
2019-07-01,Klaipėda,Labrenciškės,5.0
2019-06-01,Klaipėda,Labrenciškės,5.0
2019-05-01,Klaipėda,Labrenciškės,5.0
2018-12-01,Klaipėda,Miškas,5.0
2019-01-01,Klaipėda,Miškas,5.0
2019-02-01,Klaipėda,Miškas,5.0
2018-09-01,Klaipėda,Sportininkai,5.0
2020-10-01,Šiauliai,Žaliūkiai,5.0
2018-11-01,Šiauliai,Centras,5.0
2020-08-01,Kaunas,Šilainiai,6.0
2020-02-01,Vilnius,Santariškės,6.0
2019-09-01,Vilnius,Santariškės,6.0
2020-01-01,Vilnius,Visoriai,6.0
2018-02-01,Vilnius,Gineitiškės,6.0
2018-01-01,Vilnius,Gineitiškės,6.0
2018-03-01,Vilnius,Gineitiškės,6.0
2018-01-01,Vilnius,Didieji Gulbinai,6.0
2017-03-01,Vilnius,Baltupiai,6.0
2020-01-01,Vilnius,Lazdynėliai,6.0
2020-04-01,Vilnius,Lazdynėliai,6.0
2020-06-01,Vilnius,Justiniškės,6.0
2018-12-01,Klaipėda,Tauralaukis,6.0
2018-09-01,Vilnius,Salininkai,7.5
2020-03-01,Vilnius,Paneriai,7.5
2020-02-01,Vilnius,Paneriai,7.5
2020-04-01,Vilnius,Paneriai,7.5
2019-09-01,Vilnius,Paneriai,7.5
2019-11-01,Vilnius,Paneriai,7.5
2020-01-01,Vilnius,Paneriai,7.5
2019-08-01,Vilnius,Paneriai,7.5
2019-12-01,Vilnius,Paneriai,7.5
2019-10-01,Vilnius,Paneriai,7.5
2020-03-01,Vilnius,Tarandė,7.5
2019-06-01,Kaunas,Žaliakalnis,5.56
2019-12-01,Vilnius,Verkiai,5.56
2020-01-01,Vilnius,Verkiai,5.56
2020-02-01,Vilnius,Verkiai,5.56
2019-11-01,Vilnius,Verkiai,5.56
2019-08-01,Vilnius,Bajorai,5.56
2020-06-01,Vilnius,Lazdynėliai,5.56
2019-08-01,Vilnius,Jeruzalė,5.56
2020-07-01,Šiauliai,Žaliūkiai,5.56
2017-11-01,Vilnius,Senamiestis,10.37
2018-09-01,Vilnius,Turniškės,10.37
2018-08-01,Vilnius,Turniškės,10.37
2018-10-01,Vilnius,Turniškės,10.37
2019-01-01,Vilnius,Turniškės,10.37
2018-11-01,Vilnius,Turniškės,10.37
2018-12-01,Vilnius,Turniškės,10.37
2019-02-01,Vilnius,Turniškės,10.37
2018-12-01,Vilnius,Valakampiai,10.37
2020-10-01,Vilnius,Balsiai,10.37
2020-06-01,Vilnius,Naujamiestis,10.37
2018-10-01,Kaunas,Vytėnai,6.82
2019-10-01,Kaunas,Žemutiniai Kaniūkai,6.82
2021-01-01,Vilnius,Tarandė,6.82
2020-01-01,Šiauliai,Žaliūkiai,6.82
2019-07-01,Šiauliai,Žaliūkiai,6.82
2019-12-01,Šiauliai,Žaliūkiai,6.82
2020-02-01,Šiauliai,Žaliūkiai,6.82
2020-04-01,Šiauliai,Žaliūkiai,6.82
2020-03-01,Šiauliai,Žaliūkiai,6.82
2018-01-01,Kaunas,Panemunė,5.33
2018-03-01,Kaunas,Centras,5.33
2018-12-01,Vilnius,Santariškės,5.33
2018-07-01,Vilnius,Zujūnai,5.33
2019-02-01,Vilnius,Baltupiai,5.33
2018-06-01,Vilnius,Lazdynai,5.33
2018-03-01,Vilnius,Tarandė,5.33
2019-08-01,Vilnius,Gineitiškės,5.33
2018-12-01,Klaipėda,Labrenciškės,5.33
2021-03-01,Klaipėda,Tauralaukis,5.33
2018-03-01,Klaipėda,Mokykla,5.33
2019-06-01,Kaunas,Romainiai,4.62
2019-01-01,Vilnius,Paneriai,4.62
2018-06-01,Vilnius,Paneriai,4.62
2018-12-01,Vilnius,Paneriai,4.62
2018-09-01,Vilnius,Paneriai,4.62
2018-11-01,Vilnius,Paneriai,4.62
2019-03-01,Vilnius,Paneriai,4.62
2018-10-01,Vilnius,Paneriai,4.62
2018-07-01,Vilnius,Paneriai,4.62
2018-08-01,Vilnius,Paneriai,4.62
2019-02-01,Vilnius,Paneriai,4.62
2018-03-01,Vilnius,Šnipiškės,4.62
2018-12-01,Klaipėda,Mažasis kaimelis,4.62
2020-08-01,Vilnius,Bukčiai,15.49
2019-08-01,Vilnius,Bukčiai,15.49
2020-04-01,Vilnius,Bukčiai,15.49
2020-05-01,Vilnius,Bukčiai,15.49
2019-11-01,Vilnius,Bukčiai,15.49
2019-09-01,Vilnius,Bukčiai,15.49
2020-01-01,Vilnius,Bukčiai,15.49
2019-10-01,Vilnius,Bukčiai,15.49
2020-02-01,Vilnius,Bukčiai,15.49
2020-07-01,Vilnius,Bukčiai,15.49
2019-07-01,Vilnius,Bukčiai,15.49
2019-12-01,Vilnius,Bukčiai,15.49
2020-03-01,Vilnius,Bukčiai,15.49
2020-06-01,Vilnius,Bukčiai,15.49
2020-09-01,Kaunas,Šilainiai,5.38
2020-07-01,Kaunas,Dainava,5.38
2019-07-01,Vilnius,Baltupiai,5.38
2020-06-01,Šiauliai,Žaliūkiai,5.38
2020-09-01,Panevėžys,Molainiai,5.38
2020-05-01,Panevėžys,Molainiai,5.38
2020-04-01,Panevėžys,Molainiai,5.38
2020-07-01,Panevėžys,Molainiai,5.38
2020-08-01,Panevėžys,Molainiai,5.38
2020-06-01,Panevėžys,Molainiai,5.38
2018-03-01,Kaunas,Kalniečiai,6.38
2019-11-01,Kaunas,Vaišvydava,6.38
2019-12-01,Kaunas,Vaišvydava,6.38
2018-04-01,Vilnius,Verkiai,6.38
2018-01-01,Vilnius,Zujūnai,6.38
2019-10-01,Vilnius,Bajorai,6.38
2020-08-01,Klaipėda,Trekas,6.38
2020-05-01,Klaipėda,Tauralaukis,6.38
2018-12-01,Panevėžys,Centras,6.38
2019-04-01,Klaipėda,Senamiestis,7.41
2018-09-01,Klaipėda,Senamiestis,7.41
2018-05-01,Klaipėda,Senamiestis,7.41
2019-07-01,Klaipėda,Senamiestis,7.41
2019-03-01,Klaipėda,Senamiestis,7.41
2019-06-01,Klaipėda,Senamiestis,7.41
2018-08-01,Klaipėda,Senamiestis,7.41
2019-01-01,Klaipėda,Senamiestis,7.41
2018-04-01,Klaipėda,Senamiestis,7.41
2018-11-01,Klaipėda,Senamiestis,7.41
2018-06-01,Klaipėda,Senamiestis,7.41
2018-07-01,Klaipėda,Senamiestis,7.41
2018-01-01,Klaipėda,Senamiestis,7.41
2019-05-01,Klaipėda,Senamiestis,7.41
2018-10-01,Klaipėda,Senamiestis,7.41
2018-03-01,Klaipėda,Senamiestis,7.41
2018-12-01,Klaipėda,Senamiestis,7.41
2018-02-01,Klaipėda,Senamiestis,7.41
2019-11-01,Kaunas,Lampėdžiai,6.67
2019-10-01,Kaunas,Lampėdžiai,6.67
2019-09-01,Kaunas,Lampėdžiai,6.67
2018-05-01,Kaunas,Vytėnai,6.67
2020-10-01,Kaunas,Vytėnai,6.67
2020-09-01,Vilnius,Antakalnis,6.67
2019-04-01,Vilnius,Lazdynėliai,6.67
2019-03-01,Klaipėda,Tauralaukis,6.67
2020-05-01,Klaipėda,Senamiestis,6.67
2020-07-01,Klaipėda,Senamiestis,6.67
2020-04-01,Klaipėda,Senamiestis,6.67
2020-06-01,Klaipėda,Senamiestis,6.67
2020-08-01,Klaipėda,Senamiestis,6.67
2020-11-01,Kaunas,Dainava,6.94
2020-04-01,Vilnius,Didieji Gulbinai,6.94
2017-01-01,Vilnius,Antakalnis,6.94
2019-12-01,Klaipėda,Melnragė,6.94
2020-11-01,Klaipėda,Senamiestis,6.94
2021-01-01,Klaipėda,Senamiestis,6.94
2021-02-01,Klaipėda,Senamiestis,6.94
2021-03-01,Klaipėda,Senamiestis,6.94
2020-10-01,Klaipėda,Senamiestis,6.94
2020-09-01,Kaunas,Romainiai,6.21
2019-02-01,Kaunas,Romainiai,6.21
2019-01-01,Kaunas,Sargėnai,6.21
2018-09-01,Kaunas,Žaliakalnis,6.21
2018-12-01,Kaunas,Žaliakalnis,6.21
2019-10-01,Kaunas,Šilainiai,6.21
2018-02-01,Kaunas,Freda,6.21
2019-01-01,Vilnius,Visoriai,6.21
2019-08-01,Klaipėda,Giruliai,6.21
2018-02-01,Kaunas,Panemunė,5.99
2020-12-01,Vilnius,Pilaitė,5.99
2019-05-01,Vilnius,Gineitiškės,5.99
2019-02-01,Vilnius,Gineitiškės,5.99
2018-08-01,Vilnius,Gineitiškės,5.99
2019-04-01,Vilnius,Gineitiškės,5.99
2018-09-01,Vilnius,Gineitiškės,5.99
2019-01-01,Vilnius,Gineitiškės,5.99
2018-10-01,Vilnius,Gineitiškės,5.99
2019-03-01,Vilnius,Gineitiškės,5.99
2018-11-01,Vilnius,Gineitiškės,5.99
2018-12-01,Vilnius,Gineitiškės,5.99
2020-12-01,Vilnius,Tarandė,5.99
2021-01-01,Vilnius,Lazdynėliai,5.99
2020-03-01,Klaipėda,Melnragė,5.99